Season,Age,Vaccination_status,Season_section,Count
2008,0.0,0.0,End,2
2008,0.0,0.0,Median,2
2008,0.0,0.0,Start,1
2008,0.0,1.0,End,3
2008,0.0,1.0,Median,1
2008,0.0,1.0,Start,5
2008,1.0,0.0,End,4
2008,1.0,0.0,Median,1
2008,1.0,0.0,Start,4
2008,1.0,1.0,End,7
2008,1.0,1.0,Median,2
2008,1.0,1.0,Start,1
2008,2.0,0.0,End,7
2008,2.0,0.0,Median,1
2008,2.0,0.0,Start,1
2008,2.0,1.0,End,1
2008,2.0,1.0,Median,2
2008,2.0,1.0,Start,2
2008,3.0,0.0,End,6
2008,3.0,0.0,Median,2
2008,3.0,0.0,Start,8
2008,3.0,1.0,End,4
2008,3.0,1.0,Median,3
2008,3.0,1.0,Start,1
2008,4.0,0.0,End,3
2008,4.0,0.0,Median,1
2008,4.0,0.0,Start,5
2008,4.0,1.0,End,4
2008,4.0,1.0,Median,3
2008,4.0,1.0,Start,2
2008,5.0,0.0,End,2
2008,5.0,0.0,Median,1
2008,5.0,0.0,Start,9
2008,5.0,1.0,End,3
2008,5.0,1.0,Median,1
2008,5.0,1.0,Start,1
2008,6.0,0.0,End,8
2008,6.0,0.0,Median,2
2008,6.0,0.0,Start,5
2008,6.0,1.0,Median,2
2008,6.0,1.0,Start,2
2008,7.0,0.0,End,4
2008,7.0,0.0,Start,6
2008,7.0,1.0,Start,2
2008,8.0,0.0,Start,10
2008,8.0,1.0,End,1
2008,9.0,0.0,End,2
2008,9.0,0.0,Start,7
2008,10.0,0.0,End,3
2008,10.0,0.0,Median,2
2008,10.0,0.0,Start,6
2008,10.0,1.0,End,1
2008,11.0,0.0,End,1
2008,11.0,0.0,Start,8
2008,11.0,1.0,End,1
2008,11.0,1.0,Median,1
2008,11.0,1.0,Start,1
2008,12.0,0.0,End,1
2008,12.0,0.0,Start,8
2008,12.0,1.0,End,2
2008,13.0,0.0,Start,8
2008,13.0,1.0,Median,1
2008,14.0,0.0,Start,6
2008,14.0,1.0,Median,1
2008,14.0,1.0,Start,1
2008,15.0,0.0,End,1
2008,15.0,0.0,Median,1
2008,15.0,0.0,Start,8
2008,16.0,0.0,End,1
2008,16.0,0.0,Start,12
2008,16.0,1.0,Start,1
2008,17.0,0.0,Start,8
2008,17.0,1.0,Median,1
2008,18.0,0.0,End,1
2008,18.0,0.0,Median,2
2008,18.0,0.0,Start,9
2008,18.0,1.0,Start,1
2008,19.0,0.0,End,1
2008,19.0,0.0,Median,1
2008,19.0,0.0,Start,1
2008,20.0,0.0,End,4
2008,20.0,0.0,Start,6
2008,21.0,0.0,End,4
2008,21.0,0.0,Start,3
2008,22.0,0.0,End,2
2008,22.0,0.0,Median,1
2008,22.0,0.0,Start,4
2008,23.0,0.0,End,3
2008,23.0,0.0,Start,3
2008,23.0,1.0,End,2
2008,23.0,1.0,Start,2
2008,24.0,0.0,End,2
2008,24.0,0.0,Median,1
2008,24.0,0.0,Start,1
2008,24.0,1.0,End,1
2008,24.0,1.0,Median,1
2008,24.0,1.0,Start,3
2008,25.0,0.0,End,5
2008,25.0,0.0,Start,7
2008,25.0,1.0,End,2
2008,26.0,0.0,End,3
2008,26.0,0.0,Median,2
2008,26.0,0.0,Start,4
2008,26.0,1.0,End,1
2008,27.0,0.0,End,1
2008,27.0,0.0,Start,2
2008,27.0,1.0,End,2
2008,27.0,1.0,Median,1
2008,27.0,1.0,Start,1
2008,28.0,0.0,End,5
2008,28.0,0.0,Median,2
2008,28.0,0.0,Start,3
2008,28.0,1.0,End,3
2008,28.0,1.0,Median,1
2008,28.0,1.0,Start,1
2008,29.0,0.0,End,1
2008,29.0,0.0,Median,2
2008,29.0,0.0,Start,4
2008,29.0,1.0,Median,1
2008,29.0,1.0,Start,2
2008,30.0,0.0,End,4
2008,30.0,0.0,Median,1
2008,30.0,0.0,Start,4
2008,30.0,1.0,End,1
2008,30.0,1.0,Median,1
2008,31.0,0.0,End,3
2008,31.0,0.0,Median,1
2008,31.0,0.0,Start,5
2008,31.0,1.0,End,2
2008,31.0,1.0,Start,1
2008,32.0,0.0,End,3
2008,32.0,0.0,Median,2
2008,32.0,0.0,Start,1
2008,32.0,1.0,Start,2
2008,33.0,0.0,End,2
2008,33.0,0.0,Median,2
2008,33.0,0.0,Start,1
2008,33.0,1.0,End,1
2008,34.0,0.0,End,1
2008,34.0,0.0,Start,1
2008,34.0,1.0,Start,1
2008,35.0,0.0,End,3
2008,35.0,0.0,Median,2
2008,35.0,0.0,Start,4
2008,36.0,0.0,Start,2
2008,36.0,1.0,End,2
2008,37.0,0.0,End,5
2008,37.0,1.0,Start,1
2008,38.0,0.0,Median,2
2008,38.0,1.0,Median,1
2008,39.0,0.0,End,2
2008,39.0,0.0,Median,1
2008,39.0,0.0,Start,3
2008,40.0,0.0,End,1
2008,40.0,0.0,Median,1
2008,40.0,0.0,Start,3
2008,40.0,1.0,End,1
2008,41.0,0.0,End,1
2008,42.0,0.0,Start,3
2008,42.0,1.0,Start,2
2008,43.0,0.0,End,3
2008,43.0,0.0,Start,1
2008,44.0,0.0,End,2
2008,44.0,0.0,Median,2
2008,44.0,0.0,Start,2
2008,44.0,1.0,Start,2
2008,45.0,0.0,End,2
2008,45.0,0.0,Start,1
2008,45.0,1.0,End,2
2008,45.0,1.0,Start,2
2008,46.0,0.0,End,3
2008,46.0,0.0,Start,1
2008,46.0,1.0,End,1
2008,46.0,1.0,Start,1
2008,47.0,0.0,Median,3
2008,47.0,0.0,Start,3
2008,47.0,1.0,End,3
2008,48.0,0.0,End,7
2008,48.0,0.0,Median,1
2008,48.0,0.0,Start,1
2008,48.0,1.0,Start,1
2008,49.0,0.0,End,1
2008,49.0,0.0,Start,2
2008,49.0,1.0,End,1
2008,50.0,0.0,End,3
2008,50.0,0.0,Start,5
2008,50.0,1.0,End,2
2008,50.0,1.0,Start,1
2008,51.0,0.0,End,1
2008,51.0,0.0,Median,1
2008,51.0,0.0,Start,1
2008,51.0,1.0,Start,1
2008,52.0,0.0,Start,1
2008,52.0,1.0,End,1
2008,52.0,1.0,Median,1
2008,53.0,0.0,End,2
2008,53.0,0.0,Start,6
2008,53.0,1.0,End,1
2008,54.0,0.0,End,2
2008,54.0,0.0,Median,1
2008,54.0,0.0,Start,5
2008,54.0,1.0,End,1
2008,54.0,1.0,Start,1
2008,55.0,0.0,End,2
2008,55.0,0.0,Start,2
2008,55.0,1.0,End,1
2008,55.0,1.0,Start,1
2008,56.0,0.0,End,1
2008,56.0,0.0,Median,1
2008,56.0,0.0,Start,1
2008,56.0,1.0,End,1
2008,57.0,0.0,Start,1
2008,57.0,1.0,End,1
2008,57.0,1.0,Start,1
2008,58.0,0.0,End,2
2008,58.0,0.0,Median,5
2008,58.0,0.0,Start,1
2008,59.0,0.0,End,1
2008,59.0,1.0,Start,2
2008,60.0,0.0,End,2
2008,60.0,1.0,End,1
2008,61.0,0.0,End,1
2008,61.0,1.0,End,2
2008,61.0,1.0,Start,1
2008,62.0,1.0,Start,1
2008,63.0,1.0,Start,1
2008,64.0,0.0,Median,1
2008,64.0,1.0,End,3
2008,65.0,0.0,End,1
2008,65.0,0.0,Median,1
2008,65.0,1.0,Median,1
2008,66.0,0.0,End,1
2008,66.0,1.0,End,1
2008,66.0,1.0,Median,1
2008,67.0,1.0,End,1
2008,68.0,1.0,End,1
2008,69.0,0.0,End,2
2008,69.0,1.0,Start,2
2008,70.0,1.0,End,1
2008,70.0,1.0,Median,1
2008,70.0,1.0,Start,1
2008,71.0,1.0,End,1
2008,71.0,1.0,Median,1
2008,71.0,1.0,Start,2
2008,73.0,1.0,End,1
2008,74.0,0.0,End,1
2008,74.0,1.0,End,1
2008,75.0,0.0,End,1
2008,75.0,1.0,End,1
2008,75.0,1.0,Start,1
2008,76.0,0.0,End,1
2008,76.0,0.0,Start,1
2008,76.0,1.0,End,1
2008,77.0,0.0,End,1
2008,77.0,1.0,End,1
2008,77.0,1.0,Start,1
2008,78.0,1.0,End,1
2008,79.0,1.0,End,1
2008,80.0,1.0,Start,1
2008,82.0,1.0,End,1
2008,83.0,1.0,Median,1
2008,84.0,1.0,End,1
2008,85.0,1.0,End,1
2008,85.0,1.0,Start,1
2009,0.0,0.0,End,2
2009,0.0,1.0,End,1
2009,0.0,1.0,Start,1
2009,1.0,0.0,Median,1
2009,1.0,0.0,Start,1
2009,1.0,1.0,End,2
2009,1.0,1.0,Start,2
2009,2.0,0.0,End,1
2009,2.0,0.0,Median,3
2009,2.0,0.0,Start,5
2009,2.0,1.0,End,1
2009,2.0,1.0,Median,1
2009,2.0,1.0,Start,1
2009,3.0,0.0,Start,1
2009,3.0,1.0,End,1
2009,3.0,1.0,Start,2
2009,4.0,0.0,End,4
2009,4.0,0.0,Median,2
2009,4.0,0.0,Start,5
2009,4.0,1.0,Start,2
2009,5.0,0.0,End,3
2009,5.0,0.0,Median,3
2009,5.0,0.0,Start,8
2009,5.0,1.0,End,2
2009,5.0,1.0,Median,1
2009,6.0,0.0,End,1
2009,6.0,0.0,Median,1
2009,6.0,0.0,Start,5
2009,6.0,1.0,End,3
2009,6.0,1.0,Median,4
2009,6.0,1.0,Start,4
2009,7.0,0.0,End,2
2009,7.0,0.0,Median,2
2009,7.0,0.0,Start,7
2009,7.0,1.0,End,1
2009,7.0,1.0,Median,2
2009,7.0,1.0,Start,1
2009,8.0,0.0,End,1
2009,8.0,0.0,Start,1
2009,9.0,0.0,End,1
2009,9.0,0.0,Median,1
2009,9.0,0.0,Start,4
2009,9.0,1.0,Start,2
2009,10.0,0.0,Start,5
2009,10.0,1.0,Start,1
2009,11.0,0.0,End,2
2009,11.0,0.0,Start,1
2009,12.0,0.0,End,2
2009,12.0,0.0,Start,2
2009,12.0,1.0,Start,1
2009,13.0,0.0,End,1
2009,14.0,0.0,Start,2
2009,15.0,0.0,End,1
2009,15.0,0.0,Start,5
2009,16.0,0.0,End,1
2009,17.0,0.0,End,2
2009,17.0,0.0,Median,1
2009,17.0,0.0,Start,2
2009,17.0,1.0,Start,1
2009,19.0,0.0,End,1
2009,20.0,0.0,Start,1
2009,21.0,0.0,End,1
2009,22.0,0.0,End,1
2009,22.0,0.0,Start,1
2009,23.0,0.0,End,1
2009,25.0,0.0,Median,1
2009,25.0,0.0,Start,1
2009,28.0,0.0,End,2
2009,28.0,1.0,Median,1
2009,29.0,0.0,End,1
2009,29.0,0.0,Median,1
2009,29.0,0.0,Start,1
2009,30.0,0.0,End,3
2009,30.0,0.0,Start,1
2009,32.0,1.0,End,1
2009,32.0,1.0,Start,1
2009,33.0,0.0,End,1
2009,33.0,0.0,Median,1
2009,33.0,0.0,Start,2
2009,33.0,1.0,Median,1
2009,34.0,0.0,Start,1
2009,35.0,1.0,Start,1
2009,36.0,0.0,Start,2
2009,36.0,1.0,End,1
2009,37.0,0.0,End,1
2009,37.0,0.0,Median,1
2009,37.0,0.0,Start,1
2009,37.0,1.0,End,1
2009,38.0,0.0,End,1
2009,38.0,0.0,Start,2
2009,39.0,1.0,End,1
2009,39.0,1.0,Start,3
2009,40.0,0.0,End,2
2009,40.0,1.0,Start,1
2009,41.0,0.0,End,2
2009,41.0,0.0,Median,1
2009,41.0,0.0,Start,1
2009,42.0,0.0,End,1
2009,42.0,0.0,Median,1
2009,43.0,0.0,Start,1
2009,43.0,1.0,End,1
2009,44.0,0.0,Median,2
2009,44.0,0.0,Start,1
2009,45.0,0.0,Median,1
2009,45.0,1.0,End,1
2009,46.0,0.0,Start,1
2009,46.0,1.0,End,3
2009,47.0,0.0,Median,1
2009,47.0,1.0,Start,1
2009,48.0,0.0,End,2
2009,48.0,0.0,Start,1
2009,48.0,1.0,End,2
2009,49.0,0.0,End,1
2009,49.0,0.0,Median,1
2009,50.0,0.0,End,1
2009,50.0,0.0,Median,1
2009,53.0,0.0,End,1
2009,53.0,0.0,Start,1
2009,54.0,0.0,Start,1
2009,55.0,1.0,End,1
2009,56.0,1.0,End,1
2009,57.0,0.0,Start,1
2009,58.0,1.0,End,1
2009,62.0,0.0,End,1
2009,64.0,0.0,End,1
2009Pan,0.0,0.0,Median,3
2009Pan,0.0,0.0,Start,5
2009Pan,1.0,0.0,End,6
2009Pan,1.0,0.0,Median,4
2009Pan,1.0,0.0,Start,5
2009Pan,2.0,0.0,End,3
2009Pan,2.0,0.0,Median,8
2009Pan,2.0,0.0,Start,4
2009Pan,3.0,0.0,End,4
2009Pan,3.0,0.0,Median,9
2009Pan,3.0,0.0,Start,15
2009Pan,4.0,0.0,End,11
2009Pan,4.0,0.0,Median,15
2009Pan,4.0,0.0,Start,19
2009Pan,5.0,0.0,End,5
2009Pan,5.0,0.0,Median,10
2009Pan,5.0,0.0,Start,27
2009Pan,6.0,0.0,End,7
2009Pan,6.0,0.0,Median,3
2009Pan,6.0,0.0,Start,21
2009Pan,7.0,0.0,End,4
2009Pan,7.0,0.0,Median,6
2009Pan,7.0,0.0,Start,9
2009Pan,8.0,0.0,End,5
2009Pan,8.0,0.0,Median,9
2009Pan,8.0,0.0,Start,14
2009Pan,9.0,0.0,End,5
2009Pan,9.0,0.0,Median,11
2009Pan,9.0,0.0,Start,18
2009Pan,10.0,0.0,End,1
2009Pan,10.0,0.0,Median,3
2009Pan,10.0,0.0,Start,18
2009Pan,11.0,0.0,End,2
2009Pan,11.0,0.0,Median,4
2009Pan,11.0,0.0,Start,8
2009Pan,12.0,0.0,End,2
2009Pan,12.0,0.0,Median,9
2009Pan,12.0,0.0,Start,14
2009Pan,13.0,0.0,End,4
2009Pan,13.0,0.0,Median,4
2009Pan,13.0,0.0,Start,8
2009Pan,14.0,0.0,End,2
2009Pan,14.0,0.0,Median,1
2009Pan,14.0,0.0,Start,7
2009Pan,15.0,0.0,End,1
2009Pan,15.0,0.0,Median,3
2009Pan,15.0,0.0,Start,6
2009Pan,16.0,0.0,End,2
2009Pan,16.0,0.0,Median,6
2009Pan,16.0,0.0,Start,4
2009Pan,17.0,0.0,End,1
2009Pan,17.0,0.0,Median,5
2009Pan,17.0,0.0,Start,5
2009Pan,18.0,0.0,End,1
2009Pan,18.0,0.0,Median,2
2009Pan,18.0,0.0,Start,2
2009Pan,19.0,0.0,End,1
2009Pan,19.0,0.0,Median,1
2009Pan,19.0,0.0,Start,5
2009Pan,20.0,0.0,End,1
2009Pan,21.0,0.0,Median,4
2009Pan,22.0,0.0,End,2
2009Pan,22.0,0.0,Median,1
2009Pan,22.0,0.0,Start,1
2009Pan,23.0,0.0,End,1
2009Pan,23.0,0.0,Median,6
2009Pan,23.0,0.0,Start,1
2009Pan,24.0,0.0,Median,4
2009Pan,24.0,0.0,Start,2
2009Pan,25.0,0.0,Start,2
2009Pan,26.0,0.0,End,4
2009Pan,26.0,0.0,Median,1
2009Pan,26.0,0.0,Start,1
2009Pan,27.0,0.0,End,1
2009Pan,27.0,0.0,Median,1
2009Pan,27.0,0.0,Start,5
2009Pan,28.0,0.0,End,4
2009Pan,29.0,0.0,End,2
2009Pan,29.0,0.0,Median,3
2009Pan,30.0,0.0,Start,2
2009Pan,31.0,0.0,Median,1
2009Pan,31.0,0.0,Start,2
2009Pan,33.0,0.0,End,1
2009Pan,33.0,0.0,Start,1
2009Pan,34.0,0.0,End,2
2009Pan,35.0,0.0,End,2
2009Pan,35.0,0.0,Median,2
2009Pan,35.0,0.0,Start,1
2009Pan,36.0,0.0,Median,1
2009Pan,37.0,0.0,End,1
2009Pan,37.0,0.0,Median,2
2009Pan,37.0,0.0,Start,1
2009Pan,38.0,0.0,End,2
2009Pan,39.0,0.0,End,1
2009Pan,39.0,0.0,Median,1
2009Pan,39.0,0.0,Start,1
2009Pan,40.0,0.0,Start,1
2009Pan,41.0,0.0,End,1
2009Pan,41.0,0.0,Median,1
2009Pan,41.0,0.0,Start,2
2009Pan,42.0,0.0,Start,2
2009Pan,43.0,0.0,End,1
2009Pan,44.0,0.0,End,1
2009Pan,44.0,0.0,Start,1
2009Pan,45.0,0.0,End,1
2009Pan,45.0,0.0,Median,1
2009Pan,45.0,0.0,Start,1
2009Pan,46.0,0.0,End,2
2009Pan,46.0,0.0,Median,2
2009Pan,46.0,0.0,Start,4
2009Pan,47.0,0.0,End,1
2009Pan,47.0,0.0,Median,1
2009Pan,47.0,0.0,Start,1
2009Pan,48.0,0.0,End,1
2009Pan,49.0,0.0,Median,1
2009Pan,50.0,0.0,Median,2
2009Pan,50.0,0.0,Start,2
2009Pan,51.0,0.0,End,2
2009Pan,51.0,0.0,Start,1
2009Pan,52.0,0.0,End,1
2009Pan,52.0,0.0,Start,5
2009Pan,53.0,0.0,End,1
2009Pan,54.0,0.0,End,1
2009Pan,54.0,0.0,Median,1
2009Pan,54.0,0.0,Start,2
2009Pan,56.0,0.0,End,1
2009Pan,56.0,0.0,Start,1
2009Pan,57.0,0.0,Start,1
2009Pan,59.0,0.0,End,1
2009Pan,59.0,0.0,Median,1
2009Pan,60.0,0.0,Median,1
2009Pan,61.0,0.0,Start,1
2009Pan,62.0,0.0,Median,1
2009Pan,62.0,0.0,Start,1
2009Pan,63.0,0.0,Median,1
2009Pan,64.0,0.0,End,1
2009Pan,64.0,0.0,Median,1
2009Pan,66.0,0.0,Start,1
2009Pan,68.0,0.0,End,1
2009Pan,74.0,0.0,Median,1
2010,0.0,0.0,Median,1
2010,1.0,0.0,Start,1
2010,3.0,0.0,Median,1
2010,6.0,1.0,Start,1
2010,7.0,0.0,Start,1
2010,7.0,1.0,Start,1
2010,8.0,1.0,End,1
2010,15.0,0.0,End,1
2010,17.0,0.0,End,1
2010,20.0,0.0,Median,1
2010,22.0,0.0,Start,1
2010,25.0,0.0,Start,2
2010,28.0,0.0,Start,1
2010,31.0,0.0,Start,1
2010,37.0,1.0,End,1
2010,47.0,0.0,End,1
2010,48.0,1.0,End,1
2010,49.0,1.0,End,1
2010,52.0,0.0,End,1
2010,54.0,0.0,Start,1
2010,58.0,1.0,Median,1
2010,70.0,0.0,End,1
2011,0.0,0.0,Start,2
2011,0.0,1.0,End,1
2011,1.0,0.0,End,1
2011,1.0,0.0,Median,2
2011,1.0,1.0,Median,2
2011,2.0,0.0,End,5
2011,2.0,0.0,Median,1
2011,2.0,0.0,Start,1
2011,2.0,1.0,Median,1
2011,3.0,0.0,End,3
2011,3.0,0.0,Median,1
2011,3.0,0.0,Start,1
2011,3.0,1.0,Start,1
2011,4.0,0.0,End,1
2011,4.0,1.0,End,1
2011,5.0,0.0,End,1
2011,5.0,1.0,End,2
2011,5.0,1.0,Median,1
2011,6.0,0.0,End,4
2011,7.0,0.0,End,3
2011,7.0,0.0,Median,1
2011,7.0,0.0,Start,2
2011,7.0,1.0,End,1
2011,7.0,1.0,Start,1
2011,8.0,0.0,End,2
2011,8.0,0.0,Start,1
2011,8.0,1.0,Start,1
2011,9.0,0.0,Median,1
2011,9.0,1.0,Start,2
2011,10.0,0.0,Start,2
2011,11.0,0.0,End,1
2011,11.0,0.0,Start,2
2011,12.0,0.0,Start,1
2011,13.0,1.0,Start,1
2011,14.0,0.0,Start,2
2011,17.0,0.0,Start,1
2011,18.0,0.0,Start,1
2011,19.0,0.0,Median,1
2011,27.0,0.0,Start,2
2011,29.0,1.0,Start,1
2011,30.0,0.0,End,1
2011,30.0,0.0,Start,1
2011,31.0,0.0,End,1
2011,33.0,0.0,Start,1
2011,34.0,1.0,Start,1
2011,36.0,0.0,End,1
2011,36.0,1.0,End,1
2011,37.0,1.0,End,2
2011,38.0,1.0,End,1
2011,39.0,0.0,End,1
2011,39.0,1.0,Start,1
2011,41.0,0.0,End,1
2011,42.0,0.0,End,1
2011,43.0,0.0,Start,1
2011,46.0,0.0,End,1
2011,46.0,1.0,Start,2
2011,47.0,1.0,End,1
2011,48.0,0.0,Start,1
2011,48.0,1.0,Start,1
2011,50.0,1.0,Start,1
2011,51.0,0.0,End,1
2011,51.0,0.0,Start,1
2011,52.0,1.0,Start,1
2011,54.0,1.0,End,2
2011,55.0,1.0,End,1
2011,57.0,0.0,End,1
2011,57.0,1.0,End,1
2011,58.0,0.0,End,1
2011,58.0,0.0,Start,1
2011,58.0,1.0,Start,1
2011,59.0,1.0,Median,1
2011,61.0,0.0,End,1
2011,62.0,1.0,Start,1
2011,63.0,1.0,Start,1
2011,65.0,1.0,Start,1
2011,68.0,1.0,Start,1
2011,74.0,1.0,Start,1
2011,78.0,0.0,Start,1
2011,80.0,1.0,Start,1
2012,0.0,0.0,Median,1
2012,1.0,0.0,End,1
2012,1.0,1.0,End,2
2012,2.0,0.0,End,1
2012,2.0,1.0,End,1
2012,2.0,1.0,Median,2
2012,2.0,1.0,Start,1
2012,3.0,0.0,End,1
2012,3.0,0.0,Start,1
2012,3.0,1.0,Median,2
2012,4.0,0.0,End,2
2012,4.0,0.0,Median,3
2012,4.0,0.0,Start,2
2012,4.0,1.0,Median,3
2012,5.0,0.0,End,1
2012,5.0,0.0,Start,1
2012,5.0,1.0,End,1
2012,5.0,1.0,Start,2
2012,6.0,0.0,End,1
2012,6.0,0.0,Start,3
2012,6.0,1.0,End,1
2012,6.0,1.0,Median,3
2012,7.0,0.0,End,1
2012,7.0,0.0,Start,6
2012,7.0,1.0,Median,2
2012,8.0,0.0,End,1
2012,8.0,0.0,Start,1
2012,8.0,1.0,End,1
2012,8.0,1.0,Start,1
2012,9.0,0.0,End,2
2012,9.0,0.0,Start,2
2012,9.0,1.0,End,1
2012,10.0,0.0,Median,2
2012,10.0,0.0,Start,1
2012,11.0,1.0,End,1
2012,11.0,1.0,Median,1
2012,12.0,0.0,Start,4
2012,13.0,0.0,End,1
2012,13.0,0.0,Median,1
2012,13.0,0.0,Start,7
2012,13.0,1.0,Median,1
2012,13.0,1.0,Start,4
2012,14.0,0.0,Start,1
2012,14.0,1.0,Start,1
2012,15.0,0.0,Median,1
2012,16.0,0.0,End,1
2012,16.0,0.0,Median,1
2012,16.0,0.0,Start,1
2012,17.0,0.0,End,1
2012,21.0,0.0,Median,1
2012,25.0,1.0,Median,1
2012,25.0,1.0,Start,1
2012,26.0,0.0,Start,1
2012,27.0,1.0,End,1
2012,28.0,0.0,Start,1
2012,29.0,0.0,Median,1
2012,29.0,0.0,Start,1
2012,29.0,1.0,End,1
2012,30.0,0.0,Median,1
2012,30.0,1.0,Median,1
2012,31.0,0.0,End,2
2012,31.0,0.0,Start,2
2012,32.0,0.0,Median,1
2012,32.0,0.0,Start,1
2012,32.0,1.0,Start,1
2012,33.0,0.0,End,1
2012,33.0,0.0,Start,1
2012,34.0,0.0,End,1
2012,35.0,0.0,Median,1
2012,36.0,0.0,Start,1
2012,36.0,1.0,Start,1
2012,38.0,0.0,Start,1
2012,38.0,1.0,Start,1
2012,39.0,0.0,End,1
2012,39.0,1.0,End,1
2012,41.0,1.0,Median,1
2012,42.0,0.0,Start,1
2012,43.0,0.0,End,3
2012,43.0,0.0,Start,1
2012,44.0,0.0,Median,1
2012,45.0,0.0,Median,1
2012,46.0,0.0,Start,1
2012,47.0,1.0,End,1
2012,48.0,0.0,Median,3
2012,49.0,1.0,Start,2
2012,50.0,0.0,Start,2
2012,50.0,1.0,End,1
2012,51.0,0.0,Start,1
2012,51.0,1.0,Start,1
2012,52.0,1.0,End,1
2012,52.0,1.0,Start,1
2012,53.0,0.0,Start,1
2012,54.0,0.0,End,1
2012,55.0,0.0,End,2
2012,56.0,0.0,End,1
2012,56.0,0.0,Start,1
2012,57.0,0.0,End,1
2012,59.0,1.0,End,1
2012,62.0,0.0,Start,1
2012,64.0,1.0,End,1
2012,65.0,1.0,Start,2
2012,68.0,0.0,Start,1
2012,69.0,1.0,End,1
2012,72.0,1.0,End,1
2012,74.0,0.0,End,1
2012,75.0,1.0,End,1
2012,76.0,1.0,End,1
2012,77.0,1.0,Median,1
2012,77.0,1.0,Start,1
2012,78.0,1.0,Median,1
2012,79.0,1.0,Median,1
2012,80.0,1.0,Median,1
2012,84.0,1.0,Median,1
2013,0.0,0.0,End,2
2013,0.0,0.0,Median,1
2013,0.0,0.0,Start,1
2013,0.0,1.0,End,3
2013,0.0,1.0,Median,1
2013,1.0,0.0,End,2
2013,1.0,0.0,Median,1
2013,1.0,0.0,Start,1
2013,1.0,1.0,End,2
2013,1.0,1.0,Median,2
2013,1.0,1.0,Start,1
2013,2.0,0.0,End,2
2013,2.0,0.0,Median,1
2013,2.0,0.0,Start,1
2013,2.0,1.0,End,2
2013,2.0,1.0,Median,2
2013,2.0,1.0,Start,1
2013,3.0,0.0,End,5
2013,3.0,0.0,Median,1
2013,3.0,0.0,Start,4
2013,3.0,1.0,End,3
2013,3.0,1.0,Start,2
2013,4.0,0.0,End,2
2013,4.0,0.0,Median,1
2013,4.0,0.0,Start,5
2013,4.0,1.0,End,2
2013,4.0,1.0,Median,2
2013,5.0,0.0,End,6
2013,5.0,0.0,Median,1
2013,5.0,0.0,Start,5
2013,5.0,1.0,End,5
2013,5.0,1.0,Start,3
2013,6.0,0.0,End,1
2013,6.0,0.0,Median,1
2013,6.0,0.0,Start,1
2013,6.0,1.0,End,1
2013,7.0,0.0,Start,2
2013,7.0,1.0,End,3
2013,7.0,1.0,Start,1
2013,8.0,0.0,End,1
2013,9.0,0.0,End,1
2013,9.0,1.0,Median,2
2013,10.0,0.0,Start,2
2013,10.0,1.0,End,1
2013,10.0,1.0,Start,2
2013,11.0,0.0,End,1
2013,11.0,0.0,Start,2
2013,11.0,1.0,Median,1
2013,12.0,0.0,End,1
2013,12.0,0.0,Median,1
2013,12.0,0.0,Start,1
2013,12.0,1.0,End,1
2013,12.0,1.0,Start,3
2013,13.0,0.0,End,1
2013,13.0,0.0,Median,3
2013,13.0,0.0,Start,3
2013,14.0,0.0,Start,2
2013,14.0,1.0,End,2
2013,15.0,0.0,End,4
2013,15.0,0.0,Median,1
2013,15.0,1.0,End,1
2013,16.0,0.0,End,5
2013,16.0,0.0,Median,2
2013,16.0,0.0,Start,3
2013,16.0,1.0,End,1
2013,16.0,1.0,Median,1
2013,16.0,1.0,Start,1
2013,17.0,0.0,End,3
2013,17.0,1.0,End,1
2013,18.0,0.0,End,2
2013,18.0,1.0,End,1
2013,18.0,1.0,Start,1
2013,19.0,0.0,End,1
2013,20.0,0.0,End,2
2013,21.0,0.0,Median,1
2013,22.0,0.0,Start,2
2013,23.0,0.0,End,1
2013,23.0,0.0,Median,1
2013,23.0,0.0,Start,3
2013,23.0,1.0,Start,1
2013,24.0,0.0,End,1
2013,25.0,1.0,Start,2
2013,26.0,0.0,End,2
2013,26.0,0.0,Start,2
2013,26.0,1.0,End,1
2013,27.0,0.0,Median,1
2013,27.0,0.0,Start,1
2013,27.0,1.0,Start,1
2013,28.0,0.0,End,2
2013,28.0,0.0,Start,4
2013,28.0,1.0,Start,2
2013,29.0,0.0,End,1
2013,29.0,0.0,Median,2
2013,29.0,1.0,End,2
2013,29.0,1.0,Median,1
2013,30.0,0.0,End,1
2013,30.0,1.0,End,2
2013,30.0,1.0,Start,1
2013,31.0,0.0,End,1
2013,31.0,1.0,End,1
2013,31.0,1.0,Median,1
2013,32.0,0.0,End,1
2013,32.0,0.0,Start,1
2013,33.0,0.0,End,1
2013,33.0,0.0,Start,2
2013,33.0,1.0,End,1
2013,34.0,0.0,End,1
2013,34.0,0.0,Median,1
2013,34.0,0.0,Start,1
2013,34.0,1.0,End,2
2013,34.0,1.0,Start,1
2013,35.0,0.0,End,2
2013,35.0,0.0,Median,1
2013,35.0,0.0,Start,2
2013,35.0,1.0,End,2
2013,36.0,0.0,End,1
2013,36.0,0.0,Median,1
2013,36.0,1.0,Start,1
2013,37.0,0.0,End,2
2013,37.0,1.0,Start,1
2013,38.0,0.0,End,3
2013,38.0,0.0,Median,2
2013,38.0,1.0,End,1
2013,38.0,1.0,Start,1
2013,39.0,0.0,End,1
2013,39.0,1.0,End,2
2013,39.0,1.0,Start,1
2013,40.0,0.0,End,2
2013,40.0,0.0,Start,1
2013,40.0,1.0,Start,1
2013,41.0,0.0,End,1
2013,41.0,0.0,Start,2
2013,41.0,1.0,End,2
2013,42.0,0.0,End,1
2013,42.0,0.0,Median,1
2013,42.0,1.0,Start,1
2013,43.0,0.0,Start,4
2013,43.0,1.0,End,1
2013,45.0,0.0,End,2
2013,45.0,0.0,Start,1
2013,45.0,1.0,Start,1
2013,46.0,0.0,Start,1
2013,47.0,0.0,End,2
2013,47.0,1.0,End,3
2013,47.0,1.0,Median,1
2013,48.0,1.0,Median,1
2013,48.0,1.0,Start,1
2013,49.0,0.0,Median,1
2013,49.0,0.0,Start,1
2013,49.0,1.0,End,1
2013,49.0,1.0,Median,1
2013,50.0,0.0,Median,2
2013,50.0,1.0,End,2
2013,50.0,1.0,Start,1
2013,51.0,0.0,End,1
2013,51.0,0.0,Median,1
2013,51.0,1.0,End,1
2013,51.0,1.0,Median,3
2013,52.0,0.0,End,1
2013,52.0,0.0,Start,2
2013,52.0,1.0,End,1
2013,52.0,1.0,Start,4
2013,53.0,0.0,Start,2
2013,53.0,1.0,End,1
2013,53.0,1.0,Start,1
2013,54.0,0.0,Median,1
2013,54.0,0.0,Start,2
2013,54.0,1.0,Start,1
2013,55.0,0.0,End,1
2013,55.0,1.0,End,2
2013,55.0,1.0,Median,1
2013,55.0,1.0,Start,1
2013,56.0,0.0,End,1
2013,56.0,0.0,Start,2
2013,56.0,1.0,End,3
2013,56.0,1.0,Start,1
2013,57.0,0.0,End,2
2013,57.0,0.0,Start,3
2013,57.0,1.0,End,2
2013,57.0,1.0,Start,2
2013,58.0,0.0,End,1
2013,58.0,0.0,Median,2
2013,58.0,1.0,End,1
2013,58.0,1.0,Start,1
2013,59.0,0.0,Start,2
2013,60.0,0.0,End,2
2013,60.0,0.0,Start,1
2013,60.0,1.0,End,2
2013,60.0,1.0,Median,1
2013,61.0,0.0,End,2
2013,61.0,0.0,Start,1
2013,61.0,1.0,End,1
2013,61.0,1.0,Start,3
2013,62.0,0.0,Start,1
2013,63.0,1.0,Median,1
2013,64.0,1.0,Start,1
2013,65.0,0.0,End,1
2013,65.0,1.0,Start,1
2013,66.0,1.0,End,2
2013,66.0,1.0,Start,2
2013,67.0,1.0,Start,2
2013,68.0,0.0,End,1
2013,68.0,0.0,Start,1
2013,68.0,1.0,Start,2
2013,69.0,1.0,End,1
2013,69.0,1.0,Start,1
2013,70.0,1.0,Start,2
2013,71.0,1.0,Median,1
2013,71.0,1.0,Start,1
2013,72.0,1.0,Median,1
2013,72.0,1.0,Start,1
2013,73.0,1.0,Start,2
2013,74.0,0.0,Start,1
2013,74.0,1.0,Start,2
2013,75.0,0.0,Median,1
2013,75.0,1.0,Median,1
2013,75.0,1.0,Start,1
2013,76.0,1.0,End,1
2013,77.0,1.0,End,1
2013,77.0,1.0,Start,1
2013,78.0,1.0,End,1
2013,79.0,1.0,End,1
2013,79.0,1.0,Start,1
2013,80.0,0.0,Start,1
2013,80.0,1.0,Start,1
2013,81.0,1.0,Median,1
2013,82.0,0.0,Start,1
2013,82.0,1.0,End,1
2013,82.0,1.0,Median,1
2013,82.0,1.0,Start,2
2013,83.0,1.0,Start,1
2013,84.0,1.0,Median,1
2013,84.0,1.0,Start,1
2013,85.0,1.0,Start,1
2013,86.0,1.0,Median,1
2013,86.0,1.0,Start,1
2013,91.0,1.0,Start,1
2014,0.0,0.0,Start,1
2014,0.0,1.0,End,1
2014,0.0,1.0,Start,1
2014,1.0,0.0,End,4
2014,1.0,0.0,Start,2
2014,1.0,1.0,End,4
2014,2.0,0.0,End,5
2014,2.0,0.0,Median,1
2014,2.0,0.0,Start,1
2014,2.0,1.0,End,1
2014,2.0,1.0,Median,1
2014,3.0,0.0,End,2
2014,3.0,0.0,Median,1
2014,3.0,1.0,Median,1
2014,3.0,1.0,Start,1
2014,4.0,0.0,End,1
2014,4.0,0.0,Median,1
2014,4.0,0.0,Start,2
2014,4.0,1.0,End,2
2014,5.0,0.0,End,4
2014,5.0,0.0,Start,1
2014,5.0,1.0,End,3
2014,5.0,1.0,Median,2
2014,6.0,0.0,End,1
2014,6.0,0.0,Median,1
2014,6.0,0.0,Start,2
2014,6.0,1.0,End,2
2014,6.0,1.0,Median,1
2014,7.0,0.0,End,2
2014,7.0,0.0,Median,1
2014,7.0,0.0,Start,2
2014,7.0,1.0,End,1
2014,7.0,1.0,Median,1
2014,8.0,0.0,End,1
2014,8.0,0.0,Median,1
2014,8.0,1.0,End,2
2014,9.0,0.0,End,2
2014,9.0,0.0,Median,1
2014,9.0,0.0,Start,1
2014,9.0,1.0,End,1
2014,9.0,1.0,Median,1
2014,10.0,0.0,Start,1
2014,10.0,1.0,End,1
2014,11.0,0.0,End,2
2014,11.0,1.0,End,2
2014,12.0,0.0,End,3
2014,13.0,0.0,End,2
2014,13.0,0.0,Start,1
2014,15.0,0.0,End,1
2014,16.0,0.0,Start,2
2014,17.0,0.0,End,1
2014,17.0,0.0,Median,2
2014,17.0,1.0,End,1
2014,19.0,0.0,End,3
2014,19.0,0.0,Median,1
2014,19.0,0.0,Start,1
2014,20.0,0.0,End,2
2014,20.0,0.0,Start,1
2014,21.0,0.0,End,1
2014,21.0,0.0,Start,2
2014,22.0,0.0,Start,2
2014,23.0,0.0,End,1
2014,23.0,0.0,Start,1
2014,23.0,1.0,End,2
2014,25.0,0.0,End,2
2014,25.0,0.0,Median,2
2014,26.0,0.0,End,1
2014,26.0,0.0,Start,3
2014,27.0,0.0,End,1
2014,27.0,0.0,Median,2
2014,28.0,0.0,End,4
2014,28.0,0.0,Start,2
2014,29.0,0.0,Start,3
2014,29.0,1.0,End,1
2014,29.0,1.0,Median,1
2014,30.0,0.0,Median,1
2014,30.0,0.0,Start,2
2014,30.0,1.0,End,1
2014,31.0,0.0,End,3
2014,31.0,0.0,Median,1
2014,31.0,0.0,Start,2
2014,31.0,1.0,End,1
2014,31.0,1.0,Median,1
2014,32.0,0.0,Median,1
2014,32.0,0.0,Start,1
2014,32.0,1.0,Median,1
2014,33.0,0.0,End,1
2014,33.0,0.0,Start,2
2014,33.0,1.0,End,1
2014,34.0,0.0,Median,1
2014,34.0,0.0,Start,1
2014,34.0,1.0,End,1
2014,34.0,1.0,Median,1
2014,35.0,0.0,Start,3
2014,35.0,1.0,Start,1
2014,36.0,0.0,End,2
2014,36.0,0.0,Start,2
2014,36.0,1.0,End,1
2014,36.0,1.0,Start,2
2014,37.0,0.0,End,1
2014,37.0,0.0,Median,1
2014,37.0,0.0,Start,3
2014,37.0,1.0,End,1
2014,38.0,0.0,End,4
2014,38.0,0.0,Start,1
2014,38.0,1.0,Median,2
2014,39.0,0.0,End,1
2014,39.0,1.0,End,1
2014,39.0,1.0,Start,1
2014,40.0,0.0,Median,3
2014,40.0,0.0,Start,2
2014,40.0,1.0,Median,1
2014,41.0,0.0,Median,1
2014,41.0,0.0,Start,1
2014,41.0,1.0,Start,1
2014,43.0,0.0,End,3
2014,43.0,0.0,Start,1
2014,43.0,1.0,Start,1
2014,44.0,0.0,End,1
2014,44.0,0.0,Median,1
2014,44.0,0.0,Start,2
2014,44.0,1.0,Start,2
2014,45.0,0.0,End,2
2014,45.0,1.0,Median,1
2014,46.0,0.0,End,3
2014,46.0,0.0,Start,2
2014,46.0,1.0,End,1
2014,47.0,0.0,Start,1
2014,47.0,1.0,End,2
2014,47.0,1.0,Start,1
2014,48.0,0.0,End,1
2014,48.0,0.0,Median,1
2014,48.0,1.0,End,2
2014,49.0,0.0,Median,1
2014,49.0,0.0,Start,1
2014,49.0,1.0,End,3
2014,50.0,0.0,Median,1
2014,50.0,1.0,End,3
2014,50.0,1.0,Start,1
2014,51.0,0.0,End,2
2014,51.0,0.0,Start,2
2014,51.0,1.0,Median,2
2014,52.0,0.0,End,2
2014,52.0,0.0,Start,2
2014,52.0,1.0,Start,2
2014,53.0,0.0,End,2
2014,53.0,0.0,Median,1
2014,53.0,0.0,Start,2
2014,53.0,1.0,Start,1
2014,54.0,0.0,Start,2
2014,54.0,1.0,Start,1
2014,55.0,0.0,Median,1
2014,55.0,0.0,Start,1
2014,55.0,1.0,Median,1
2014,56.0,0.0,Start,2
2014,56.0,1.0,End,2
2014,56.0,1.0,Median,1
2014,56.0,1.0,Start,4
2014,57.0,0.0,Median,2
2014,57.0,0.0,Start,1
2014,57.0,1.0,Start,1
2014,58.0,0.0,End,2
2014,58.0,0.0,Median,1
2014,58.0,0.0,Start,1
2014,58.0,1.0,Median,1
2014,58.0,1.0,Start,1
2014,59.0,0.0,Median,1
2014,59.0,0.0,Start,2
2014,59.0,1.0,Median,1
2014,60.0,0.0,Median,1
2014,60.0,0.0,Start,1
2014,61.0,0.0,Start,1
2014,61.0,1.0,End,1
2014,61.0,1.0,Median,1
2014,61.0,1.0,Start,1
2014,62.0,0.0,End,2
2014,62.0,0.0,Start,1
2014,62.0,1.0,End,1
2014,63.0,0.0,End,1
2014,63.0,0.0,Median,1
2014,63.0,0.0,Start,1
2014,65.0,1.0,End,1
2014,66.0,0.0,Median,1
2014,66.0,1.0,End,2
2014,66.0,1.0,Median,1
2014,67.0,0.0,End,1
2014,67.0,0.0,Median,1
2014,68.0,0.0,Start,2
2014,69.0,0.0,Start,1
2014,69.0,1.0,Median,1
2014,70.0,0.0,Start,1
2014,70.0,1.0,End,1
2014,71.0,0.0,Start,1
2014,73.0,0.0,End,1
2014,73.0,1.0,Start,1
2014,74.0,0.0,End,1
2014,75.0,1.0,End,1
2014,75.0,1.0,Start,1
2014,76.0,0.0,Median,1
2014,76.0,1.0,End,1
2014,77.0,0.0,Start,1
2014,80.0,0.0,End,1
2014,80.0,1.0,Median,1
2014,80.0,1.0,Start,1
2014,85.0,1.0,End,1
2014,90.0,0.0,Start,1
2015,0.0,0.0,End,2
2015,0.0,0.0,Start,2
2015,0.0,1.0,End,3
2015,0.0,1.0,Median,1
2015,0.0,1.0,Start,1
2015,1.0,0.0,End,1
2015,1.0,1.0,End,6
2015,1.0,1.0,Median,2
2015,1.0,1.0,Start,2
2015,2.0,0.0,End,4
2015,2.0,1.0,End,1
2015,3.0,0.0,End,3
2015,3.0,0.0,Start,2
2015,3.0,1.0,End,1
2015,3.0,1.0,Start,1
2015,4.0,0.0,End,5
2015,4.0,0.0,Start,1
2015,4.0,1.0,Start,3
2015,5.0,0.0,End,6
2015,5.0,0.0,Start,5
2015,5.0,1.0,End,1
2015,5.0,1.0,Median,1
2015,5.0,1.0,Start,2
2015,6.0,0.0,End,3
2015,6.0,0.0,Median,1
2015,6.0,1.0,End,3
2015,6.0,1.0,Start,2
2015,7.0,0.0,Median,1
2015,7.0,0.0,Start,1
2015,7.0,1.0,End,4
2015,7.0,1.0,Start,3
2015,8.0,0.0,End,1
2015,8.0,0.0,Start,3
2015,8.0,1.0,End,1
2015,9.0,0.0,End,1
2015,9.0,1.0,End,1
2015,9.0,1.0,Start,4
2015,10.0,0.0,End,1
2015,10.0,1.0,Start,8
2015,11.0,0.0,End,3
2015,11.0,0.0,Median,1
2015,11.0,0.0,Start,1
2015,11.0,1.0,End,2
2015,11.0,1.0,Start,1
2015,12.0,0.0,End,1
2015,12.0,0.0,Start,4
2015,12.0,1.0,End,1
2015,13.0,0.0,End,1
2015,13.0,0.0,Start,4
2015,13.0,1.0,End,5
2015,13.0,1.0,Start,2
2015,14.0,0.0,End,4
2015,14.0,0.0,Start,1
2015,14.0,1.0,End,2
2015,14.0,1.0,Start,1
2015,15.0,0.0,End,2
2015,15.0,0.0,Start,3
2015,15.0,1.0,End,3
2015,16.0,0.0,End,2
2015,16.0,0.0,Start,1
2015,16.0,1.0,End,2
2015,17.0,0.0,End,6
2015,17.0,1.0,End,1
2015,17.0,1.0,Start,1
2015,18.0,0.0,End,1
2015,18.0,0.0,Median,2
2015,18.0,0.0,Start,1
2015,20.0,0.0,End,1
2015,21.0,0.0,Start,1
2015,22.0,0.0,Median,1
2015,22.0,1.0,Start,1
2015,23.0,1.0,Start,1
2015,24.0,1.0,Start,1
2015,25.0,0.0,End,2
2015,25.0,0.0,Start,1
2015,25.0,1.0,Median,1
2015,26.0,0.0,Start,3
2015,27.0,0.0,End,1
2015,27.0,0.0,Start,1
2015,28.0,0.0,Start,1
2015,28.0,1.0,End,1
2015,29.0,0.0,End,1
2015,32.0,1.0,Start,1
2015,33.0,1.0,End,2
2015,34.0,0.0,Median,1
2015,34.0,1.0,End,1
2015,34.0,1.0,Start,1
2015,35.0,0.0,Start,1
2015,35.0,1.0,End,1
2015,35.0,1.0,Start,1
2015,36.0,0.0,End,1
2015,37.0,0.0,End,2
2015,37.0,1.0,Start,1
2015,38.0,0.0,Start,1
2015,38.0,1.0,Start,1
2015,39.0,0.0,End,1
2015,39.0,0.0,Start,3
2015,39.0,1.0,Start,2
2015,40.0,0.0,End,1
2015,41.0,0.0,End,1
2015,41.0,1.0,Start,2
2015,43.0,0.0,Median,1
2015,43.0,0.0,Start,2
2015,43.0,1.0,End,1
2015,43.0,1.0,Start,1
2015,44.0,0.0,Start,2
2015,44.0,1.0,Median,1
2015,45.0,0.0,End,1
2015,45.0,0.0,Start,1
2015,45.0,1.0,End,1
2015,46.0,0.0,End,2
2015,46.0,1.0,Start,1
2015,47.0,0.0,Start,1
2015,47.0,1.0,Start,2
2015,48.0,0.0,End,1
2015,48.0,0.0,Median,1
2015,48.0,1.0,End,2
2015,49.0,0.0,Median,1
2015,49.0,0.0,Start,2
2015,49.0,1.0,End,1
2015,50.0,0.0,End,1
2015,50.0,1.0,Start,1
2015,51.0,0.0,Start,1
2015,51.0,1.0,End,1
2015,51.0,1.0,Start,1
2015,52.0,0.0,End,1
2015,52.0,1.0,Median,2
2015,54.0,0.0,End,1
2015,54.0,0.0,Median,1
2015,54.0,0.0,Start,1
2015,55.0,0.0,End,1
2015,55.0,0.0,Start,3
2015,55.0,1.0,End,1
2015,56.0,1.0,End,1
2015,56.0,1.0,Start,2
2015,57.0,0.0,Start,1
2015,57.0,1.0,End,3
2015,57.0,1.0,Median,1
2015,57.0,1.0,Start,1
2015,58.0,0.0,End,1
2015,58.0,1.0,End,2
2015,58.0,1.0,Start,1
2015,59.0,0.0,Start,1
2015,59.0,1.0,End,1
2015,59.0,1.0,Start,2
2015,60.0,1.0,Median,1
2015,60.0,1.0,Start,1
2015,61.0,0.0,End,1
2015,61.0,0.0,Median,1
2015,61.0,1.0,End,2
2015,62.0,0.0,End,3
2015,62.0,0.0,Start,1
2015,62.0,1.0,End,1
2015,63.0,0.0,End,1
2015,63.0,1.0,End,1
2015,63.0,1.0,Start,1
2015,64.0,0.0,Median,1
2015,64.0,1.0,End,1
2015,65.0,0.0,Median,1
2015,65.0,1.0,Start,3
2015,66.0,0.0,Start,1
2015,66.0,1.0,End,3
2015,66.0,1.0,Median,1
2015,66.0,1.0,Start,1
2015,67.0,0.0,Start,1
2015,67.0,1.0,Start,1
2015,68.0,0.0,End,1
2015,70.0,1.0,End,2
2015,70.0,1.0,Start,2
2015,71.0,1.0,Median,1
2015,71.0,1.0,Start,1
2015,72.0,0.0,Start,1
2015,72.0,1.0,Start,1
2015,73.0,0.0,End,1
2015,73.0,1.0,Start,4
2015,74.0,0.0,End,1
2015,74.0,1.0,End,1
2015,75.0,0.0,Start,1
2015,75.0,1.0,End,1
2015,75.0,1.0,Start,2
2015,76.0,0.0,End,1
2015,76.0,0.0,Start,1
2015,76.0,1.0,End,1
2015,77.0,0.0,Start,1
2015,77.0,1.0,Start,2
2015,78.0,1.0,End,1
2015,78.0,1.0,Start,1
2015,79.0,0.0,Start,1
2015,79.0,1.0,End,1
2015,80.0,0.0,End,1
2015,80.0,0.0,Median,1
2015,80.0,1.0,Median,2
2015,80.0,1.0,Start,1
2015,81.0,0.0,Start,1
2015,81.0,1.0,Start,1
2015,82.0,0.0,End,1
2015,82.0,1.0,End,2
2015,83.0,1.0,Start,1
2015,85.0,1.0,Start,1
2015,86.0,1.0,End,1
2015,87.0,1.0,Median,1
2015,87.0,1.0,Start,1
2015,88.0,1.0,Start,1
2015,89.0,1.0,Start,2
2015,92.0,1.0,End,1
2015,92.0,1.0,Start,1
2015,94.0,0.0,End,1
2016,0.0,1.0,Start,1
2016,1.0,0.0,End,2
2016,1.0,0.0,Median,2
2016,1.0,0.0,Start,1
2016,1.0,1.0,End,2
2016,1.0,1.0,Median,1
2016,2.0,0.0,Start,3
2016,2.0,1.0,End,1
2016,2.0,1.0,Start,1
2016,3.0,0.0,End,3
2016,3.0,0.0,Start,1
2016,3.0,1.0,End,2
2016,4.0,0.0,End,1
2016,4.0,0.0,Median,1
2016,4.0,0.0,Start,4
2016,4.0,1.0,Start,1
2016,5.0,0.0,End,2
2016,5.0,0.0,Median,2
2016,5.0,0.0,Start,1
2016,6.0,0.0,End,1
2016,6.0,0.0,Median,1
2016,6.0,0.0,Start,1
2016,6.0,1.0,End,1
2016,7.0,0.0,End,2
2016,7.0,1.0,End,1
2016,7.0,1.0,Start,1
2016,8.0,0.0,Median,1
2016,8.0,0.0,Start,1
2016,9.0,0.0,End,2
2016,9.0,1.0,End,1
2016,10.0,0.0,Start,1
2016,10.0,1.0,End,1
2016,13.0,0.0,End,1
2016,13.0,0.0,Median,1
2016,14.0,1.0,End,1
2016,15.0,0.0,Median,1
2016,16.0,0.0,Start,1
2016,18.0,0.0,Start,1
2016,21.0,0.0,End,1
2016,25.0,0.0,End,1
2016,25.0,0.0,Median,1
2016,27.0,0.0,End,1
2016,27.0,0.0,Start,1
2016,29.0,0.0,Start,2
2016,29.0,1.0,End,1
2016,30.0,1.0,Start,2
2016,32.0,0.0,End,1
2016,33.0,0.0,End,2
2016,33.0,0.0,Start,1
2016,33.0,1.0,Median,1
2016,34.0,0.0,Start,1
2016,35.0,0.0,End,1
2016,35.0,0.0,Start,1
2016,35.0,1.0,End,1
2016,36.0,1.0,End,1
2016,37.0,0.0,End,1
2016,37.0,0.0,Start,1
2016,37.0,1.0,Start,1
2016,38.0,0.0,End,1
2016,38.0,0.0,Median,1
2016,38.0,1.0,End,1
2016,38.0,1.0,Start,1
2016,39.0,0.0,End,1
2016,39.0,0.0,Start,2
2016,39.0,1.0,Start,1
2016,40.0,0.0,End,2
2016,41.0,0.0,End,2
2016,41.0,0.0,Median,1
2016,42.0,0.0,End,1
2016,42.0,0.0,Median,1
2016,42.0,0.0,Start,1
2016,42.0,1.0,Median,1
2016,43.0,1.0,End,1
2016,43.0,1.0,Start,1
2016,45.0,0.0,Start,1
2016,45.0,1.0,End,1
2016,45.0,1.0,Start,1
2016,46.0,0.0,End,1
2016,47.0,0.0,End,1
2016,47.0,1.0,End,1
2016,47.0,1.0,Start,1
2016,49.0,0.0,Start,1
2016,49.0,1.0,End,1
2016,49.0,1.0,Median,2
2016,51.0,0.0,End,1
2016,51.0,1.0,End,1
2016,51.0,1.0,Start,1
2016,52.0,1.0,Start,3
2016,53.0,0.0,Median,1
2016,53.0,1.0,End,3
2016,53.0,1.0,Start,1
2016,54.0,1.0,End,4
2016,55.0,0.0,Start,1
2016,56.0,0.0,End,2
2016,56.0,0.0,Start,1
2016,57.0,0.0,End,1
2016,57.0,0.0,Median,1
2016,57.0,0.0,Start,1
2016,57.0,1.0,End,1
2016,57.0,1.0,Median,1
2016,58.0,0.0,End,1
2016,59.0,1.0,Start,4
2016,60.0,1.0,End,1
2016,60.0,1.0,Start,1
2016,61.0,0.0,Start,1
2016,62.0,1.0,Start,1
2016,63.0,0.0,End,1
2016,63.0,0.0,Median,1
2016,63.0,1.0,End,1
2016,64.0,1.0,Start,1
2016,65.0,0.0,Median,2
2016,66.0,0.0,End,1
2016,67.0,1.0,End,1
2016,67.0,1.0,Median,1
2016,69.0,0.0,End,1
2016,69.0,1.0,Start,2
2016,72.0,0.0,End,1
2016,73.0,0.0,Start,1
2016,75.0,1.0,End,1
2016,79.0,1.0,End,1
2016,84.0,0.0,End,1
2016,84.0,1.0,End,1
2017,0.0,0.0,Start,1
2017,0.0,1.0,End,3
2017,0.0,1.0,Median,1
2017,1.0,0.0,End,2
2017,1.0,0.0,Start,2
2017,1.0,1.0,Start,2
2017,2.0,0.0,End,1
2017,2.0,0.0,Median,1
2017,2.0,0.0,Start,3
2017,2.0,1.0,End,3
2017,2.0,1.0,Median,1
2017,2.0,1.0,Start,1
2017,3.0,0.0,End,4
2017,3.0,0.0,Start,1
2017,3.0,1.0,End,1
2017,3.0,1.0,Median,1
2017,3.0,1.0,Start,1
2017,4.0,0.0,End,1
2017,4.0,0.0,Median,2
2017,4.0,0.0,Start,3
2017,4.0,1.0,Median,2
2017,4.0,1.0,Start,1
2017,5.0,0.0,End,5
2017,5.0,0.0,Median,1
2017,5.0,1.0,End,1
2017,5.0,1.0,Start,1
2017,6.0,0.0,End,1
2017,6.0,0.0,Start,1
2017,6.0,1.0,End,1
2017,6.0,1.0,Start,1
2017,7.0,0.0,End,1
2017,7.0,0.0,Median,1
2017,7.0,0.0,Start,1
2017,7.0,1.0,Median,1
2017,8.0,0.0,End,1
2017,8.0,0.0,Median,1
2017,8.0,0.0,Start,1
2017,8.0,1.0,End,2
2017,8.0,1.0,Start,1
2017,9.0,0.0,End,1
2017,9.0,0.0,Median,1
2017,9.0,0.0,Start,1
2017,9.0,1.0,Start,1
2017,10.0,0.0,End,3
2017,11.0,0.0,Start,3
2017,11.0,1.0,End,2
2017,11.0,1.0,Start,1
2017,12.0,0.0,End,6
2017,12.0,0.0,Median,1
2017,12.0,0.0,Start,4
2017,12.0,1.0,End,3
2017,13.0,0.0,End,1
2017,13.0,0.0,Median,1
2017,13.0,0.0,Start,7
2017,13.0,1.0,End,1
2017,13.0,1.0,Median,1
2017,13.0,1.0,Start,2
2017,14.0,0.0,End,1
2017,14.0,0.0,Start,3
2017,14.0,1.0,Start,1
2017,15.0,0.0,End,2
2017,15.0,0.0,Median,1
2017,15.0,0.0,Start,6
2017,15.0,1.0,Start,2
2017,16.0,0.0,End,2
2017,16.0,0.0,Median,1
2017,16.0,0.0,Start,1
2017,17.0,0.0,Start,3
2017,17.0,1.0,End,1
2017,18.0,0.0,Start,1
2017,18.0,1.0,End,2
2017,20.0,0.0,End,3
2017,20.0,0.0,Median,1
2017,21.0,1.0,Median,1
2017,22.0,0.0,Median,1
2017,23.0,0.0,End,1
2017,25.0,0.0,End,1
2017,25.0,1.0,End,1
2017,28.0,0.0,Start,1
2017,28.0,1.0,End,1
2017,29.0,0.0,Start,2
2017,29.0,1.0,Start,2
2017,30.0,0.0,End,1
2017,30.0,1.0,Start,1
2017,33.0,0.0,End,1
2017,33.0,0.0,Start,1
2017,33.0,1.0,End,1
2017,35.0,0.0,End,1
2017,35.0,0.0,Start,2
2017,35.0,1.0,End,1
2017,35.0,1.0,Median,1
2017,35.0,1.0,Start,1
2017,36.0,0.0,Start,1
2017,36.0,1.0,End,1
2017,37.0,0.0,End,1
2017,37.0,1.0,End,1
2017,38.0,0.0,Start,1
2017,39.0,0.0,Start,1
2017,42.0,0.0,Start,4
2017,43.0,1.0,Start,2
2017,44.0,0.0,Start,1
2017,44.0,1.0,End,1
2017,45.0,0.0,Start,1
2017,45.0,1.0,Start,1
2017,47.0,0.0,End,1
2017,48.0,0.0,End,1
2017,48.0,0.0,Start,2
2017,48.0,1.0,End,1
2017,49.0,0.0,End,1
2017,49.0,0.0,Start,1
2017,49.0,1.0,Start,1
2017,50.0,0.0,Start,1
2017,51.0,0.0,End,1
2017,51.0,0.0,Start,2
2017,51.0,1.0,End,1
2017,51.0,1.0,Start,2
2017,52.0,0.0,End,1
2017,52.0,1.0,Start,1
2017,53.0,0.0,End,2
2017,53.0,1.0,End,1
2017,54.0,0.0,End,1
2017,54.0,0.0,Start,2
2017,54.0,1.0,Start,1
2017,55.0,0.0,End,1
2017,56.0,0.0,End,1
2017,56.0,1.0,End,1
2017,56.0,1.0,Median,1
2017,56.0,1.0,Start,1
2017,57.0,0.0,End,1
2017,57.0,0.0,Start,1
2017,58.0,0.0,Median,1
2017,58.0,0.0,Start,2
2017,58.0,1.0,End,2
2017,58.0,1.0,Median,1
2017,58.0,1.0,Start,1
2017,59.0,0.0,End,1
2017,59.0,0.0,Start,1
2017,59.0,1.0,End,3
2017,60.0,0.0,End,1
2017,60.0,0.0,Median,1
2017,61.0,0.0,End,2
2017,61.0,0.0,Start,1
2017,61.0,1.0,End,1
2017,62.0,0.0,End,1
2017,62.0,0.0,Start,1
2017,63.0,1.0,End,1
2017,63.0,1.0,Start,2
2017,64.0,0.0,Start,1
2017,65.0,0.0,End,2
2017,65.0,0.0,Start,2
2017,65.0,1.0,End,2
2017,66.0,1.0,End,1
2017,67.0,0.0,Median,1
2017,67.0,1.0,End,1
2017,67.0,1.0,Start,2
2017,68.0,1.0,End,1
2017,68.0,1.0,Start,2
2017,69.0,0.0,End,1
2017,69.0,0.0,Start,1
2017,69.0,1.0,End,2
2017,70.0,0.0,Median,1
2017,71.0,0.0,End,1
2017,71.0,0.0,Start,1
2017,72.0,1.0,End,2
2017,72.0,1.0,Median,1
2017,73.0,1.0,Median,1
2017,74.0,0.0,End,1
2017,75.0,1.0,End,3
2017,77.0,0.0,End,1
2017,77.0,1.0,End,1
2017,77.0,1.0,Median,2
2017,78.0,0.0,Start,1
2017,79.0,0.0,End,1
2017,79.0,1.0,End,1
2017,80.0,0.0,End,2
2017,80.0,1.0,End,1
2017,82.0,0.0,End,1
2017,83.0,1.0,Start,1
2017,84.0,0.0,Start,1
2017,84.0,1.0,Median,1
2017,85.0,0.0,Start,1
2017,87.0,1.0,End,1
2017,87.0,1.0,Start,3
2017,90.0,1.0,End,1
2017,90.0,1.0,Median,1
2017,92.0,1.0,Median,1
2017,93.0,1.0,End,1
2017,96.0,1.0,Start,1
2018,0.0,0.0,End,1
2018,0.0,0.0,Median,1
2018,0.0,0.0,Start,3
2018,0.0,1.0,End,1
2018,0.0,1.0,Median,2
2018,0.0,1.0,Start,1
2018,1.0,0.0,End,1
2018,1.0,0.0,Median,1
2018,1.0,0.0,Start,4
2018,1.0,1.0,End,6
2018,1.0,1.0,Median,1
2018,1.0,1.0,Start,5
2018,2.0,0.0,End,4
2018,2.0,0.0,Start,5
2018,3.0,0.0,End,2
2018,3.0,0.0,Start,3
2018,3.0,1.0,End,2
2018,3.0,1.0,Median,1
2018,3.0,1.0,Start,1
2018,4.0,0.0,End,4
2018,4.0,0.0,Start,4
2018,4.0,1.0,End,1
2018,4.0,1.0,Start,1
2018,5.0,0.0,Start,6
2018,5.0,1.0,End,3
2018,5.0,1.0,Start,4
2018,6.0,0.0,End,1
2018,6.0,0.0,Start,5
2018,6.0,1.0,End,1
2018,6.0,1.0,Start,2
2018,7.0,0.0,End,6
2018,7.0,0.0,Median,2
2018,7.0,0.0,Start,3
2018,7.0,1.0,End,1
2018,8.0,0.0,End,1
2018,8.0,0.0,Start,3
2018,8.0,1.0,End,1
2018,8.0,1.0,Start,3
2018,9.0,0.0,End,2
2018,9.0,0.0,Median,3
2018,9.0,0.0,Start,4
2018,10.0,0.0,End,3
2018,10.0,0.0,Median,3
2018,10.0,0.0,Start,4
2018,10.0,1.0,Median,1
2018,10.0,1.0,Start,1
2018,11.0,0.0,End,2
2018,11.0,0.0,Median,3
2018,11.0,0.0,Start,4
2018,11.0,1.0,Median,1
2018,11.0,1.0,Start,2
2018,12.0,0.0,End,3
2018,12.0,0.0,Median,1
2018,12.0,0.0,Start,4
2018,12.0,1.0,Median,1
2018,12.0,1.0,Start,3
2018,13.0,0.0,End,5
2018,13.0,1.0,End,1
2018,13.0,1.0,Median,1
2018,13.0,1.0,Start,3
2018,14.0,0.0,End,1
2018,14.0,0.0,Median,3
2018,14.0,0.0,Start,5
2018,14.0,1.0,End,1
2018,14.0,1.0,Start,1
2018,15.0,0.0,End,1
2018,15.0,0.0,Median,1
2018,15.0,0.0,Start,2
2018,15.0,1.0,Start,2
2018,16.0,0.0,Start,4
2018,16.0,1.0,Median,2
2018,16.0,1.0,Start,2
2018,17.0,0.0,End,1
2018,17.0,0.0,Median,3
2018,17.0,0.0,Start,3
2018,17.0,1.0,End,1
2018,17.0,1.0,Start,4
2018,18.0,0.0,Median,1
2018,18.0,0.0,Start,1
2018,18.0,1.0,Median,1
2018,18.0,1.0,Start,2
2018,19.0,0.0,End,2
2018,19.0,0.0,Median,1
2018,20.0,0.0,End,1
2018,20.0,0.0,Start,1
2018,21.0,0.0,End,2
2018,21.0,0.0,Start,1
2018,21.0,1.0,End,2
2018,22.0,0.0,End,2
2018,22.0,0.0,Start,1
2018,23.0,1.0,End,2
2018,24.0,0.0,End,2
2018,24.0,0.0,Median,2
2018,24.0,0.0,Start,1
2018,24.0,1.0,Start,1
2018,25.0,0.0,End,1
2018,25.0,0.0,Start,1
2018,26.0,0.0,End,2
2018,26.0,1.0,Start,1
2018,27.0,0.0,Start,2
2018,27.0,1.0,End,1
2018,28.0,0.0,End,1
2018,28.0,0.0,Start,1
2018,28.0,1.0,End,1
2018,29.0,0.0,Start,1
2018,29.0,1.0,End,1
2018,30.0,0.0,End,1
2018,30.0,1.0,Median,1
2018,30.0,1.0,Start,1
2018,31.0,0.0,End,2
2018,31.0,0.0,Median,2
2018,31.0,1.0,End,4
2018,31.0,1.0,Start,1
2018,32.0,0.0,End,1
2018,32.0,0.0,Start,1
2018,33.0,0.0,End,1
2018,33.0,0.0,Start,1
2018,33.0,1.0,End,1
2018,33.0,1.0,Start,1
2018,34.0,0.0,End,2
2018,34.0,1.0,Start,2
2018,35.0,0.0,Median,1
2018,35.0,0.0,Start,2
2018,35.0,1.0,Start,1
2018,36.0,0.0,End,2
2018,36.0,1.0,Start,1
2018,37.0,1.0,End,2
2018,37.0,1.0,Start,1
2018,38.0,0.0,End,1
2018,38.0,0.0,Median,1
2018,38.0,0.0,Start,2
2018,38.0,1.0,End,1
2018,39.0,0.0,Median,1
2018,39.0,1.0,End,1
2018,40.0,1.0,End,2
2018,40.0,1.0,Median,1
2018,41.0,0.0,Start,1
2018,41.0,1.0,End,1
2018,42.0,0.0,End,1
2018,43.0,0.0,Median,1
2018,43.0,1.0,Start,2
2018,44.0,0.0,End,1
2018,44.0,0.0,Start,1
2018,44.0,1.0,Start,1
2018,45.0,0.0,End,1
2018,45.0,1.0,Start,1
2018,46.0,1.0,Start,1
2018,47.0,0.0,End,1
2018,48.0,0.0,Start,1
2018,48.0,1.0,End,1
2018,49.0,0.0,Start,1
2018,50.0,0.0,Median,1
2018,51.0,0.0,End,1
2018,51.0,1.0,End,2
2018,51.0,1.0,Start,1
2018,52.0,0.0,Start,1
2018,52.0,1.0,Median,1
2018,52.0,1.0,Start,1
2018,53.0,0.0,Start,1
2018,53.0,1.0,Median,1
2018,53.0,1.0,Start,2
2018,54.0,0.0,Median,1
2018,54.0,1.0,End,1
2018,54.0,1.0,Start,2
2018,55.0,0.0,End,1
2018,55.0,0.0,Median,1
2018,55.0,0.0,Start,1
2018,55.0,1.0,Median,1
2018,55.0,1.0,Start,1
2018,56.0,0.0,End,1
2018,56.0,0.0,Start,4
2018,56.0,1.0,End,1
2018,57.0,0.0,End,1
2018,57.0,0.0,Start,1
2018,57.0,1.0,End,3
2018,57.0,1.0,Median,1
2018,58.0,0.0,Median,1
2018,58.0,1.0,End,2
2018,58.0,1.0,Median,1
2018,58.0,1.0,Start,1
2018,59.0,0.0,Median,1
2018,59.0,0.0,Start,1
2018,59.0,1.0,End,1
2018,60.0,0.0,End,1
2018,60.0,0.0,Median,1
2018,60.0,1.0,End,2
2018,61.0,0.0,End,3
2018,61.0,0.0,Start,1
2018,61.0,1.0,End,1
2018,61.0,1.0,Start,3
2018,62.0,0.0,Start,1
2018,62.0,1.0,End,2
2018,62.0,1.0,Median,1
2018,62.0,1.0,Start,3
2018,63.0,1.0,Start,1
2018,64.0,1.0,End,1
2018,64.0,1.0,Start,3
2018,65.0,0.0,End,2
2018,65.0,0.0,Median,1
2018,65.0,1.0,Median,2
2018,66.0,0.0,End,1
2018,66.0,0.0,Start,1
2018,66.0,1.0,End,2
2018,66.0,1.0,Median,2
2018,66.0,1.0,Start,1
2018,67.0,0.0,Start,2
2018,67.0,1.0,Start,1
2018,68.0,0.0,Start,1
2018,68.0,1.0,End,1
2018,68.0,1.0,Median,1
2018,68.0,1.0,Start,1
2018,69.0,0.0,End,1
2018,69.0,1.0,End,1
2018,69.0,1.0,Start,1
2018,70.0,0.0,Median,1
2018,70.0,1.0,End,5
2018,70.0,1.0,Start,2
2018,71.0,1.0,End,3
2018,71.0,1.0,Start,1
2018,72.0,0.0,End,1
2018,72.0,0.0,Start,1
2018,72.0,1.0,End,1
2018,72.0,1.0,Start,2
2018,73.0,1.0,End,1
2018,73.0,1.0,Median,1
2018,73.0,1.0,Start,1
2018,74.0,0.0,Start,1
2018,74.0,1.0,Start,1
2018,75.0,1.0,End,2
2018,75.0,1.0,Start,1
2018,76.0,0.0,Start,1
2018,76.0,1.0,Start,1
2018,77.0,0.0,End,1
2018,77.0,1.0,Median,1
2018,78.0,0.0,Median,1
2018,78.0,0.0,Start,1
2018,78.0,1.0,End,1
2018,79.0,1.0,Start,1
2018,80.0,0.0,End,1
2018,80.0,1.0,End,1
2018,81.0,0.0,End,1
2018,81.0,1.0,Start,1
2018,82.0,1.0,Start,2
2018,83.0,1.0,End,1
2018,84.0,0.0,Start,1
2018,84.0,1.0,Start,1
2018,85.0,1.0,End,1
2018,86.0,0.0,End,1
2018,86.0,1.0,End,2
2018,89.0,1.0,End,1
2018,90.0,1.0,End,1
2018,96.0,1.0,Start,1
