Age,Season,Population,y1,y2,f1,f2
0,2008.0,548.0,2008.0,2007.0,0.0,1.0
0,2009.0,458.0,2008.0,2007.0,0.8360655737704918,0.16393442622950816
0,2010.0,391.0,2009.0,2008.0,0.8306010928961749,0.1693989071038251
0,2011.0,485.0,2011.0,2010.0,0.0,1.0
0,2012.0,259.0,2011.0,2010.0,0.3333333333333333,0.6666666666666667
0,2013.0,243.0,2012.0,2011.0,0.33879781420765026,0.6612021857923498
0,2014.0,273.0,2013.0,2012.0,0.3333333333333333,0.6666666666666667
0,2015.0,219.0,2014.0,2013.0,0.3333333333333333,0.6666666666666667
0,2016.0,265.0,2015.0,2014.0,0.3333333333333333,0.6666666666666667
0,2017.0,261.0,2016.0,2015.0,0.33879781420765026,0.6612021857923498
0,2018.0,244.0,2017.0,2016.0,0.3333333333333333,0.6666666666666667
0,2009.5,458.0,2009.0,2008.0,0.0,1.0
1,2008.0,686.0,2007.0,2006.0,0.00273224043715847,0.9972677595628415
1,2009.0,661.0,2007.0,2006.0,0.9180327868852459,0.08196721311475408
1,2010.0,642.0,2008.0,2007.0,0.9178082191780822,0.0821917808219178
1,2011.0,576.0,2010.0,2009.0,0.0027397260273972603,0.9972602739726028
1,2012.0,564.0,2010.0,2009.0,0.6684931506849315,0.33150684931506846
1,2013.0,573.0,2011.0,2010.0,0.6693989071038251,0.3306010928961749
1,2014.0,506.0,2012.0,2011.0,0.6684931506849315,0.33150684931506846
1,2015.0,545.0,2013.0,2012.0,0.6684931506849315,0.33150684931506846
1,2016.0,499.0,2014.0,2013.0,0.6684931506849315,0.33150684931506846
1,2017.0,509.0,2015.0,2014.0,0.6693989071038251,0.3306010928961749
1,2018.0,551.0,2016.0,2015.0,0.6684931506849315,0.33150684931506846
1,2009.5,661.0,2008.0,2007.0,0.3315068493150685,0.6684931506849314
2,2008.0,688.0,2006.0,2005.0,0.00273224043715847,0.9972677595628415
2,2009.0,638.0,2006.0,2005.0,0.9180327868852459,0.08196721311475408
2,2010.0,685.0,2007.0,2006.0,0.9178082191780822,0.0821917808219178
2,2011.0,660.0,2009.0,2008.0,0.0027397260273972603,0.9972602739726028
2,2012.0,556.0,2009.0,2008.0,0.6684931506849315,0.33150684931506846
2,2013.0,602.0,2010.0,2009.0,0.6693989071038251,0.3306010928961749
2,2014.0,584.0,2011.0,2010.0,0.6684931506849315,0.33150684931506846
2,2015.0,501.0,2012.0,2011.0,0.6684931506849315,0.33150684931506846
2,2016.0,536.0,2013.0,2012.0,0.6684931506849315,0.33150684931506846
2,2017.0,511.0,2014.0,2013.0,0.6693989071038251,0.3306010928961749
2,2018.0,513.0,2015.0,2014.0,0.6684931506849315,0.33150684931506846
2,2009.5,638.0,2007.0,2006.0,0.3315068493150685,0.6684931506849314
3,2008.0,686.0,2005.0,2004.0,0.00273224043715847,0.9972677595628415
3,2009.0,639.0,2005.0,2004.0,0.9180327868852459,0.08196721311475408
3,2010.0,648.0,2006.0,2005.0,0.9178082191780822,0.0821917808219178
3,2011.0,675.0,2008.0,2007.0,0.0027397260273972603,0.9972602739726028
3,2012.0,634.0,2008.0,2007.0,0.6684931506849315,0.33150684931506846
3,2013.0,572.0,2009.0,2008.0,0.6693989071038251,0.3306010928961749
3,2014.0,575.0,2010.0,2009.0,0.6684931506849315,0.33150684931506846
3,2015.0,559.0,2011.0,2010.0,0.6684931506849315,0.33150684931506846
3,2016.0,507.0,2012.0,2011.0,0.6684931506849315,0.33150684931506846
3,2017.0,557.0,2013.0,2012.0,0.6693989071038251,0.3306010928961749
3,2018.0,532.0,2014.0,2013.0,0.6684931506849315,0.33150684931506846
3,2009.5,639.0,2006.0,2005.0,0.3315068493150685,0.6684931506849314
4,2008.0,681.0,2004.0,2003.0,0.00273224043715847,0.9972677595628415
4,2009.0,639.0,2004.0,2003.0,0.9180327868852459,0.08196721311475408
4,2010.0,626.0,2005.0,2004.0,0.9178082191780822,0.0821917808219178
4,2011.0,647.0,2007.0,2006.0,0.0027397260273972603,0.9972602739726028
4,2012.0,640.0,2007.0,2006.0,0.6684931506849315,0.33150684931506846
4,2013.0,656.0,2008.0,2007.0,0.6693989071038251,0.3306010928961749
4,2014.0,564.0,2009.0,2008.0,0.6684931506849315,0.33150684931506846
4,2015.0,567.0,2010.0,2009.0,0.6684931506849315,0.33150684931506846
4,2016.0,553.0,2011.0,2010.0,0.6684931506849315,0.33150684931506846
4,2017.0,512.0,2012.0,2011.0,0.6693989071038251,0.3306010928961749
4,2018.0,554.0,2013.0,2012.0,0.6684931506849315,0.33150684931506846
4,2009.5,639.0,2005.0,2004.0,0.3315068493150685,0.6684931506849314
5,2008.0,671.0,2003.0,2002.0,0.00273224043715847,0.9972677595628415
5,2009.0,662.0,2003.0,2002.0,0.9180327868852459,0.08196721311475408
5,2010.0,654.0,2004.0,2003.0,0.9178082191780822,0.0821917808219178
5,2011.0,638.0,2006.0,2005.0,0.0027397260273972603,0.9972602739726028
5,2012.0,600.0,2006.0,2005.0,0.6684931506849315,0.33150684931506846
5,2013.0,659.0,2007.0,2006.0,0.6693989071038251,0.3306010928961749
5,2014.0,638.0,2008.0,2007.0,0.6684931506849315,0.33150684931506846
5,2015.0,560.0,2009.0,2008.0,0.6684931506849315,0.33150684931506846
5,2016.0,561.0,2010.0,2009.0,0.6684931506849315,0.33150684931506846
5,2017.0,564.0,2011.0,2010.0,0.6693989071038251,0.3306010928961749
5,2018.0,519.0,2012.0,2011.0,0.6684931506849315,0.33150684931506846
5,2009.5,662.0,2004.0,2003.0,0.3315068493150685,0.6684931506849314
6,2008.0,692.0,2002.0,2001.0,0.00273224043715847,0.9972677595628415
6,2009.0,653.0,2002.0,2001.0,0.9180327868852459,0.08196721311475408
6,2010.0,666.0,2003.0,2002.0,0.9178082191780822,0.0821917808219178
6,2011.0,667.0,2005.0,2004.0,0.0027397260273972603,0.9972602739726028
6,2012.0,616.0,2005.0,2004.0,0.6684931506849315,0.33150684931506846
6,2013.0,650.0,2006.0,2005.0,0.6693989071038251,0.3306010928961749
6,2014.0,655.0,2007.0,2006.0,0.6684931506849315,0.33150684931506846
6,2015.0,625.0,2008.0,2007.0,0.6684931506849315,0.33150684931506846
6,2016.0,573.0,2009.0,2008.0,0.6684931506849315,0.33150684931506846
6,2017.0,577.0,2010.0,2009.0,0.6693989071038251,0.3306010928961749
6,2018.0,576.0,2011.0,2010.0,0.6684931506849315,0.33150684931506846
6,2009.5,653.0,2003.0,2002.0,0.3315068493150685,0.6684931506849314
7,2008.0,667.0,2001.0,2000.0,0.00273224043715847,0.9972677595628415
7,2009.0,662.0,2001.0,2000.0,0.9180327868852459,0.08196721311475408
7,2010.0,641.0,2002.0,2001.0,0.9178082191780822,0.0821917808219178
7,2011.0,666.0,2004.0,2003.0,0.0027397260273972603,0.9972602739726028
7,2012.0,629.0,2004.0,2003.0,0.6684931506849315,0.33150684931506846
7,2013.0,629.0,2005.0,2004.0,0.6693989071038251,0.3306010928961749
7,2014.0,637.0,2006.0,2005.0,0.6684931506849315,0.33150684931506846
7,2015.0,624.0,2007.0,2006.0,0.6684931506849315,0.33150684931506846
7,2016.0,614.0,2008.0,2007.0,0.6684931506849315,0.33150684931506846
7,2017.0,579.0,2009.0,2008.0,0.6693989071038251,0.3306010928961749
7,2018.0,589.0,2010.0,2009.0,0.6684931506849315,0.33150684931506846
7,2009.5,662.0,2002.0,2001.0,0.3315068493150685,0.6684931506849314
8,2008.0,630.0,2000.0,1999.0,0.00273224043715847,0.9972677595628415
8,2009.0,629.0,2000.0,1999.0,0.9180327868852459,0.08196721311475408
8,2010.0,647.0,2001.0,2000.0,0.9178082191780822,0.0821917808219178
8,2011.0,628.0,2003.0,2002.0,0.0027397260273972603,0.9972602739726028
8,2012.0,614.0,2003.0,2002.0,0.6684931506849315,0.33150684931506846
8,2013.0,637.0,2004.0,2003.0,0.6693989071038251,0.3306010928961749
8,2014.0,610.0,2005.0,2004.0,0.6684931506849315,0.33150684931506846
8,2015.0,607.0,2006.0,2005.0,0.6684931506849315,0.33150684931506846
8,2016.0,609.0,2007.0,2006.0,0.6684931506849315,0.33150684931506846
8,2017.0,625.0,2008.0,2007.0,0.6693989071038251,0.3306010928961749
8,2018.0,578.0,2009.0,2008.0,0.6684931506849315,0.33150684931506846
8,2009.5,629.0,2001.0,2000.0,0.3315068493150685,0.6684931506849314
9,2008.0,638.0,1999.0,1998.0,0.00273224043715847,0.9972677595628415
9,2009.0,619.0,1999.0,1998.0,0.9180327868852459,0.08196721311475408
9,2010.0,639.0,2000.0,1999.0,0.9178082191780822,0.0821917808219178
9,2011.0,638.0,2002.0,2001.0,0.0027397260273972603,0.9972602739726028
9,2012.0,596.0,2002.0,2001.0,0.6684931506849315,0.33150684931506846
9,2013.0,643.0,2003.0,2002.0,0.6693989071038251,0.3306010928961749
9,2014.0,630.0,2004.0,2003.0,0.6684931506849315,0.33150684931506846
9,2015.0,604.0,2005.0,2004.0,0.6684931506849315,0.33150684931506846
9,2016.0,592.0,2006.0,2005.0,0.6684931506849315,0.33150684931506846
9,2017.0,625.0,2007.0,2006.0,0.6693989071038251,0.3306010928961749
9,2018.0,626.0,2008.0,2007.0,0.6684931506849315,0.33150684931506846
9,2009.5,619.0,2000.0,1999.0,0.3315068493150685,0.6684931506849314
10,2008.0,602.0,1998.0,1997.0,0.00273224043715847,0.9972677595628415
10,2009.0,631.0,1998.0,1997.0,0.9180327868852459,0.08196721311475408
10,2010.0,634.0,1999.0,1998.0,0.9178082191780822,0.0821917808219178
10,2011.0,625.0,2001.0,2000.0,0.0027397260273972603,0.9972602739726028
10,2012.0,611.0,2001.0,2000.0,0.6684931506849315,0.33150684931506846
10,2013.0,617.0,2002.0,2001.0,0.6693989071038251,0.3306010928961749
10,2014.0,629.0,2003.0,2002.0,0.6684931506849315,0.33150684931506846
10,2015.0,616.0,2004.0,2003.0,0.6684931506849315,0.33150684931506846
10,2016.0,591.0,2005.0,2004.0,0.6684931506849315,0.33150684931506846
10,2017.0,608.0,2006.0,2005.0,0.6693989071038251,0.3306010928961749
10,2018.0,610.0,2007.0,2006.0,0.6684931506849315,0.33150684931506846
10,2009.5,631.0,1999.0,1998.0,0.3315068493150685,0.6684931506849314
11,2008.0,664.0,1997.0,1996.0,0.00273224043715847,0.9972677595628415
11,2009.0,622.0,1997.0,1996.0,0.9180327868852459,0.08196721311475408
11,2010.0,671.0,1998.0,1997.0,0.9178082191780822,0.0821917808219178
11,2011.0,666.0,2000.0,1999.0,0.0027397260273972603,0.9972602739726028
11,2012.0,604.0,2000.0,1999.0,0.6684931506849315,0.33150684931506846
11,2013.0,614.0,2001.0,2000.0,0.6693989071038251,0.3306010928961749
11,2014.0,612.0,2002.0,2001.0,0.6684931506849315,0.33150684931506846
11,2015.0,611.0,2003.0,2002.0,0.6684931506849315,0.33150684931506846
11,2016.0,616.0,2004.0,2003.0,0.6684931506849315,0.33150684931506846
11,2017.0,609.0,2005.0,2004.0,0.6693989071038251,0.3306010928961749
11,2018.0,602.0,2006.0,2005.0,0.6684931506849315,0.33150684931506846
11,2009.5,622.0,1998.0,1997.0,0.3315068493150685,0.6684931506849314
12,2008.0,637.0,1996.0,1995.0,0.00273224043715847,0.9972677595628415
12,2009.0,673.0,1996.0,1995.0,0.9180327868852459,0.08196721311475408
12,2010.0,631.0,1997.0,1996.0,0.9178082191780822,0.0821917808219178
12,2011.0,662.0,1999.0,1998.0,0.0027397260273972603,0.9972602739726028
12,2012.0,616.0,1999.0,1998.0,0.6684931506849315,0.33150684931506846
12,2013.0,645.0,2000.0,1999.0,0.6693989071038251,0.3306010928961749
12,2014.0,625.0,2001.0,2000.0,0.6684931506849315,0.33150684931506846
12,2015.0,609.0,2002.0,2001.0,0.6684931506849315,0.33150684931506846
12,2016.0,616.0,2003.0,2002.0,0.6684931506849315,0.33150684931506846
12,2017.0,632.0,2004.0,2003.0,0.6693989071038251,0.3306010928961749
12,2018.0,623.0,2005.0,2004.0,0.6684931506849315,0.33150684931506846
12,2009.5,673.0,1997.0,1996.0,0.3315068493150685,0.6684931506849314
13,2008.0,642.0,1995.0,1994.0,0.00273224043715847,0.9972677595628415
13,2009.0,613.0,1995.0,1994.0,0.9180327868852459,0.08196721311475408
13,2010.0,689.0,1996.0,1995.0,0.9178082191780822,0.0821917808219178
13,2011.0,640.0,1998.0,1997.0,0.0027397260273972603,0.9972602739726028
13,2012.0,621.0,1998.0,1997.0,0.6684931506849315,0.33150684931506846
13,2013.0,643.0,1999.0,1998.0,0.6693989071038251,0.3306010928961749
13,2014.0,649.0,2000.0,1999.0,0.6684931506849315,0.33150684931506846
13,2015.0,616.0,2001.0,2000.0,0.6684931506849315,0.33150684931506846
13,2016.0,609.0,2002.0,2001.0,0.6684931506849315,0.33150684931506846
13,2017.0,634.0,2003.0,2002.0,0.6693989071038251,0.3306010928961749
13,2018.0,621.0,2004.0,2003.0,0.6684931506849315,0.33150684931506846
13,2009.5,613.0,1996.0,1995.0,0.3315068493150685,0.6684931506849314
14,2008.0,689.0,1994.0,1993.0,0.00273224043715847,0.9972677595628415
14,2009.0,652.0,1994.0,1993.0,0.9180327868852459,0.08196721311475408
14,2010.0,644.0,1995.0,1994.0,0.9178082191780822,0.0821917808219178
14,2011.0,695.0,1997.0,1996.0,0.0027397260273972603,0.9972602739726028
14,2012.0,613.0,1997.0,1996.0,0.6684931506849315,0.33150684931506846
14,2013.0,642.0,1998.0,1997.0,0.6693989071038251,0.3306010928961749
14,2014.0,629.0,1999.0,1998.0,0.6684931506849315,0.33150684931506846
14,2015.0,630.0,2000.0,1999.0,0.6684931506849315,0.33150684931506846
14,2016.0,611.0,2001.0,2000.0,0.6684931506849315,0.33150684931506846
14,2017.0,608.0,2002.0,2001.0,0.6693989071038251,0.3306010928961749
14,2018.0,650.0,2003.0,2002.0,0.6684931506849315,0.33150684931506846
14,2009.5,652.0,1995.0,1994.0,0.3315068493150685,0.6684931506849314
15,2008.0,728.0,1993.0,1992.0,0.00273224043715847,0.9972677595628415
15,2009.0,682.0,1993.0,1992.0,0.9180327868852459,0.08196721311475408
15,2010.0,661.0,1994.0,1993.0,0.9178082191780822,0.0821917808219178
15,2011.0,640.0,1996.0,1995.0,0.0027397260273972603,0.9972602739726028
15,2012.0,656.0,1996.0,1995.0,0.6684931506849315,0.33150684931506846
15,2013.0,632.0,1997.0,1996.0,0.6693989071038251,0.3306010928961749
15,2014.0,631.0,1998.0,1997.0,0.6684931506849315,0.33150684931506846
15,2015.0,611.0,1999.0,1998.0,0.6684931506849315,0.33150684931506846
15,2016.0,634.0,2000.0,1999.0,0.6684931506849315,0.33150684931506846
15,2017.0,616.0,2001.0,2000.0,0.6693989071038251,0.3306010928961749
15,2018.0,600.0,2002.0,2001.0,0.6684931506849315,0.33150684931506846
15,2009.5,682.0,1994.0,1993.0,0.3315068493150685,0.6684931506849314
16,2008.0,702.0,1992.0,1991.0,0.00273224043715847,0.9972677595628415
16,2009.0,709.0,1992.0,1991.0,0.9180327868852459,0.08196721311475408
16,2010.0,689.0,1993.0,1992.0,0.9178082191780822,0.0821917808219178
16,2011.0,629.0,1995.0,1994.0,0.0027397260273972603,0.9972602739726028
16,2012.0,606.0,1995.0,1994.0,0.6684931506849315,0.33150684931506846
16,2013.0,680.0,1996.0,1995.0,0.6693989071038251,0.3306010928961749
16,2014.0,613.0,1997.0,1996.0,0.6684931506849315,0.33150684931506846
16,2015.0,619.0,1998.0,1997.0,0.6684931506849315,0.33150684931506846
16,2016.0,601.0,1999.0,1998.0,0.6684931506849315,0.33150684931506846
16,2017.0,642.0,2000.0,1999.0,0.6693989071038251,0.3306010928961749
16,2018.0,611.0,2001.0,2000.0,0.6684931506849315,0.33150684931506846
16,2009.5,709.0,1993.0,1992.0,0.3315068493150685,0.6684931506849314
17,2008.0,761.0,1991.0,1990.0,0.00273224043715847,0.9972677595628415
17,2009.0,699.0,1991.0,1990.0,0.9180327868852459,0.08196721311475408
17,2010.0,730.0,1992.0,1991.0,0.9178082191780822,0.0821917808219178
17,2011.0,695.0,1994.0,1993.0,0.0027397260273972603,0.9972602739726028
17,2012.0,629.0,1994.0,1993.0,0.6684931506849315,0.33150684931506846
17,2013.0,632.0,1995.0,1994.0,0.6693989071038251,0.3306010928961749
17,2014.0,662.0,1996.0,1995.0,0.6684931506849315,0.33150684931506846
17,2015.0,636.0,1997.0,1996.0,0.6684931506849315,0.33150684931506846
17,2016.0,631.0,1998.0,1997.0,0.6684931506849315,0.33150684931506846
17,2017.0,619.0,1999.0,1998.0,0.6693989071038251,0.3306010928961749
17,2018.0,638.0,2000.0,1999.0,0.6684931506849315,0.33150684931506846
17,2009.5,699.0,1992.0,1991.0,0.3315068493150685,0.6684931506849314
18,2008.0,746.0,1990.0,1989.0,0.00273224043715847,0.9972677595628415
18,2009.0,733.0,1990.0,1989.0,0.9180327868852459,0.08196721311475408
18,2010.0,698.0,1991.0,1990.0,0.9178082191780822,0.0821917808219178
18,2011.0,714.0,1993.0,1992.0,0.0027397260273972603,0.9972602739726028
18,2012.0,660.0,1993.0,1992.0,0.6684931506849315,0.33150684931506846
18,2013.0,636.0,1994.0,1993.0,0.6693989071038251,0.3306010928961749
18,2014.0,610.0,1995.0,1994.0,0.6684931506849315,0.33150684931506846
18,2015.0,657.0,1996.0,1995.0,0.6684931506849315,0.33150684931506846
18,2016.0,631.0,1997.0,1996.0,0.6684931506849315,0.33150684931506846
18,2017.0,619.0,1998.0,1997.0,0.6693989071038251,0.3306010928961749
18,2018.0,611.0,1999.0,1998.0,0.6684931506849315,0.33150684931506846
18,2009.5,733.0,1991.0,1990.0,0.3315068493150685,0.6684931506849314
19,2008.0,683.0,1989.0,1988.0,0.00273224043715847,0.9972677595628415
19,2009.0,682.0,1989.0,1988.0,0.9180327868852459,0.08196721311475408
19,2010.0,701.0,1990.0,1989.0,0.9178082191780822,0.0821917808219178
19,2011.0,655.0,1992.0,1991.0,0.0027397260273972603,0.9972602739726028
19,2012.0,678.0,1992.0,1991.0,0.6684931506849315,0.33150684931506846
19,2013.0,660.0,1993.0,1992.0,0.6693989071038251,0.3306010928961749
19,2014.0,594.0,1994.0,1993.0,0.6684931506849315,0.33150684931506846
19,2015.0,585.0,1995.0,1994.0,0.6684931506849315,0.33150684931506846
19,2016.0,634.0,1996.0,1995.0,0.6684931506849315,0.33150684931506846
19,2017.0,596.0,1997.0,1996.0,0.6693989071038251,0.3306010928961749
19,2018.0,596.0,1998.0,1997.0,0.6684931506849315,0.33150684931506846
19,2009.5,682.0,1990.0,1989.0,0.3315068493150685,0.6684931506849314
20,2008.0,743.0,1988.0,1987.0,0.00273224043715847,0.9972677595628415
20,2009.0,573.0,1988.0,1987.0,0.9180327868852459,0.08196721311475408
20,2010.0,663.0,1989.0,1988.0,0.9178082191780822,0.0821917808219178
20,2011.0,649.0,1991.0,1990.0,0.0027397260273972603,0.9972602739726028
20,2012.0,596.0,1991.0,1990.0,0.6684931506849315,0.33150684931506846
20,2013.0,684.0,1992.0,1991.0,0.6693989071038251,0.3306010928961749
20,2014.0,583.0,1993.0,1992.0,0.6684931506849315,0.33150684931506846
20,2015.0,535.0,1994.0,1993.0,0.6684931506849315,0.33150684931506846
20,2016.0,543.0,1995.0,1994.0,0.6684931506849315,0.33150684931506846
20,2017.0,589.0,1996.0,1995.0,0.6693989071038251,0.3306010928961749
20,2018.0,552.0,1997.0,1996.0,0.6684931506849315,0.33150684931506846
20,2009.5,573.0,1989.0,1988.0,0.3315068493150685,0.6684931506849314
21,2008.0,714.0,1987.0,1986.0,0.00273224043715847,0.9972677595628415
21,2009.0,628.0,1987.0,1986.0,0.9180327868852459,0.08196721311475408
21,2010.0,570.0,1988.0,1987.0,0.9178082191780822,0.0821917808219178
21,2011.0,596.0,1990.0,1989.0,0.0027397260273972603,0.9972602739726028
21,2012.0,567.0,1990.0,1989.0,0.6684931506849315,0.33150684931506846
21,2013.0,587.0,1991.0,1990.0,0.6693989071038251,0.3306010928961749
21,2014.0,596.0,1992.0,1991.0,0.6684931506849315,0.33150684931506846
21,2015.0,535.0,1993.0,1992.0,0.6684931506849315,0.33150684931506846
21,2016.0,516.0,1994.0,1993.0,0.6684931506849315,0.33150684931506846
21,2017.0,497.0,1995.0,1994.0,0.6693989071038251,0.3306010928961749
21,2018.0,555.0,1996.0,1995.0,0.6684931506849315,0.33150684931506846
21,2009.5,628.0,1988.0,1987.0,0.3315068493150685,0.6684931506849314
22,2008.0,703.0,1986.0,1985.0,0.00273224043715847,0.9972677595628415
22,2009.0,599.0,1986.0,1985.0,0.9180327868852459,0.08196721311475408
22,2010.0,613.0,1987.0,1986.0,0.9178082191780822,0.0821917808219178
22,2011.0,540.0,1989.0,1988.0,0.0027397260273972603,0.9972602739726028
22,2012.0,556.0,1989.0,1988.0,0.6684931506849315,0.33150684931506846
22,2013.0,579.0,1990.0,1989.0,0.6693989071038251,0.3306010928961749
22,2014.0,528.0,1991.0,1990.0,0.6684931506849315,0.33150684931506846
22,2015.0,561.0,1992.0,1991.0,0.6684931506849315,0.33150684931506846
22,2016.0,518.0,1993.0,1992.0,0.6684931506849315,0.33150684931506846
22,2017.0,500.0,1994.0,1993.0,0.6693989071038251,0.3306010928961749
22,2018.0,484.0,1995.0,1994.0,0.6684931506849315,0.33150684931506846
22,2009.5,599.0,1987.0,1986.0,0.3315068493150685,0.6684931506849314
23,2008.0,642.0,1985.0,1984.0,0.00273224043715847,0.9972677595628415
23,2009.0,606.0,1985.0,1984.0,0.9180327868852459,0.08196721311475408
23,2010.0,604.0,1986.0,1985.0,0.9178082191780822,0.0821917808219178
23,2011.0,596.0,1988.0,1987.0,0.0027397260273972603,0.9972602739726028
23,2012.0,495.0,1988.0,1987.0,0.6684931506849315,0.33150684931506846
23,2013.0,583.0,1989.0,1988.0,0.6693989071038251,0.3306010928961749
23,2014.0,530.0,1990.0,1989.0,0.6684931506849315,0.33150684931506846
23,2015.0,501.0,1991.0,1990.0,0.6684931506849315,0.33150684931506846
23,2016.0,508.0,1992.0,1991.0,0.6684931506849315,0.33150684931506846
23,2017.0,498.0,1993.0,1992.0,0.6693989071038251,0.3306010928961749
23,2018.0,467.0,1994.0,1993.0,0.6684931506849315,0.33150684931506846
23,2009.5,606.0,1986.0,1985.0,0.3315068493150685,0.6684931506849314
24,2008.0,648.0,1984.0,1983.0,0.00273224043715847,0.9972677595628415
24,2009.0,556.0,1984.0,1983.0,0.9180327868852459,0.08196721311475408
24,2010.0,653.0,1985.0,1984.0,0.9178082191780822,0.0821917808219178
24,2011.0,609.0,1987.0,1986.0,0.0027397260273972603,0.9972602739726028
24,2012.0,547.0,1987.0,1986.0,0.6684931506849315,0.33150684931506846
24,2013.0,514.0,1988.0,1987.0,0.6693989071038251,0.3306010928961749
24,2014.0,524.0,1989.0,1988.0,0.6684931506849315,0.33150684931506846
24,2015.0,517.0,1990.0,1989.0,0.6684931506849315,0.33150684931506846
24,2016.0,498.0,1991.0,1990.0,0.6684931506849315,0.33150684931506846
24,2017.0,502.0,1992.0,1991.0,0.6693989071038251,0.3306010928961749
24,2018.0,471.0,1993.0,1992.0,0.6684931506849315,0.33150684931506846
24,2009.5,556.0,1985.0,1984.0,0.3315068493150685,0.6684931506849314
25,2008.0,618.0,1983.0,1982.0,0.00273224043715847,0.9972677595628415
25,2009.0,579.0,1983.0,1982.0,0.9180327868852459,0.08196721311475408
25,2010.0,565.0,1984.0,1983.0,0.9178082191780822,0.0821917808219178
25,2011.0,625.0,1986.0,1985.0,0.0027397260273972603,0.9972602739726028
25,2012.0,560.0,1986.0,1985.0,0.6684931506849315,0.33150684931506846
25,2013.0,570.0,1987.0,1986.0,0.6693989071038251,0.3306010928961749
25,2014.0,458.0,1988.0,1987.0,0.6684931506849315,0.33150684931506846
25,2015.0,511.0,1989.0,1988.0,0.6684931506849315,0.33150684931506846
25,2016.0,515.0,1990.0,1989.0,0.6684931506849315,0.33150684931506846
25,2017.0,482.0,1991.0,1990.0,0.6693989071038251,0.3306010928961749
25,2018.0,488.0,1992.0,1991.0,0.6684931506849315,0.33150684931506846
25,2009.5,579.0,1984.0,1983.0,0.3315068493150685,0.6684931506849314
26,2008.0,595.0,1982.0,1981.0,0.00273224043715847,0.9972677595628415
26,2009.0,567.0,1982.0,1981.0,0.9180327868852459,0.08196721311475408
26,2010.0,586.0,1983.0,1982.0,0.9178082191780822,0.0821917808219178
26,2011.0,542.0,1985.0,1984.0,0.0027397260273972603,0.9972602739726028
26,2012.0,569.0,1985.0,1984.0,0.6684931506849315,0.33150684931506846
26,2013.0,578.0,1986.0,1985.0,0.6693989071038251,0.3306010928961749
26,2014.0,529.0,1987.0,1986.0,0.6684931506849315,0.33150684931506846
26,2015.0,454.0,1988.0,1987.0,0.6684931506849315,0.33150684931506846
26,2016.0,476.0,1989.0,1988.0,0.6684931506849315,0.33150684931506846
26,2017.0,478.0,1990.0,1989.0,0.6693989071038251,0.3306010928961749
26,2018.0,481.0,1991.0,1990.0,0.6684931506849315,0.33150684931506846
26,2009.5,567.0,1983.0,1982.0,0.3315068493150685,0.6684931506849314
27,2008.0,595.0,1981.0,1980.0,0.00273224043715847,0.9972677595628415
27,2009.0,571.0,1981.0,1980.0,0.9180327868852459,0.08196721311475408
27,2010.0,580.0,1982.0,1981.0,0.9178082191780822,0.0821917808219178
27,2011.0,618.0,1984.0,1983.0,0.0027397260273972603,0.9972602739726028
27,2012.0,509.0,1984.0,1983.0,0.6684931506849315,0.33150684931506846
27,2013.0,606.0,1985.0,1984.0,0.6693989071038251,0.3306010928961749
27,2014.0,548.0,1986.0,1985.0,0.6684931506849315,0.33150684931506846
27,2015.0,495.0,1987.0,1986.0,0.6684931506849315,0.33150684931506846
27,2016.0,433.0,1988.0,1987.0,0.6684931506849315,0.33150684931506846
27,2017.0,466.0,1989.0,1988.0,0.6693989071038251,0.3306010928961749
27,2018.0,469.0,1990.0,1989.0,0.6684931506849315,0.33150684931506846
27,2009.5,571.0,1982.0,1981.0,0.3315068493150685,0.6684931506849314
28,2008.0,591.0,1980.0,1979.0,0.00273224043715847,0.9972677595628415
28,2009.0,566.0,1980.0,1979.0,0.9180327868852459,0.08196721311475408
28,2010.0,595.0,1981.0,1980.0,0.9178082191780822,0.0821917808219178
28,2011.0,597.0,1983.0,1982.0,0.0027397260273972603,0.9972602739726028
28,2012.0,560.0,1983.0,1982.0,0.6684931506849315,0.33150684931506846
28,2013.0,555.0,1984.0,1983.0,0.6693989071038251,0.3306010928961749
28,2014.0,563.0,1985.0,1984.0,0.6684931506849315,0.33150684931506846
28,2015.0,518.0,1986.0,1985.0,0.6684931506849315,0.33150684931506846
28,2016.0,487.0,1987.0,1986.0,0.6684931506849315,0.33150684931506846
28,2017.0,425.0,1988.0,1987.0,0.6693989071038251,0.3306010928961749
28,2018.0,478.0,1989.0,1988.0,0.6684931506849315,0.33150684931506846
28,2009.5,566.0,1981.0,1980.0,0.3315068493150685,0.6684931506849314
29,2008.0,553.0,1979.0,1978.0,0.00273224043715847,0.9972677595628415
29,2009.0,557.0,1979.0,1978.0,0.9180327868852459,0.08196721311475408
29,2010.0,579.0,1980.0,1979.0,0.9178082191780822,0.0821917808219178
29,2011.0,600.0,1982.0,1981.0,0.0027397260273972603,0.9972602739726028
29,2012.0,526.0,1982.0,1981.0,0.6684931506849315,0.33150684931506846
29,2013.0,559.0,1983.0,1982.0,0.6693989071038251,0.3306010928961749
29,2014.0,533.0,1984.0,1983.0,0.6684931506849315,0.33150684931506846
29,2015.0,547.0,1985.0,1984.0,0.6684931506849315,0.33150684931506846
29,2016.0,552.0,1986.0,1985.0,0.6684931506849315,0.33150684931506846
29,2017.0,500.0,1987.0,1986.0,0.6693989071038251,0.3306010928961749
29,2018.0,428.0,1988.0,1987.0,0.6684931506849315,0.33150684931506846
29,2009.5,557.0,1980.0,1979.0,0.3315068493150685,0.6684931506849314
30,2008.0,572.0,1978.0,1977.0,0.00273224043715847,0.9972677595628415
30,2009.0,513.0,1978.0,1977.0,0.9180327868852459,0.08196721311475408
30,2010.0,593.0,1979.0,1978.0,0.9178082191780822,0.0821917808219178
30,2011.0,579.0,1981.0,1980.0,0.0027397260273972603,0.9972602739726028
30,2012.0,591.0,1981.0,1980.0,0.6684931506849315,0.33150684931506846
30,2013.0,554.0,1982.0,1981.0,0.6693989071038251,0.3306010928961749
30,2014.0,546.0,1983.0,1982.0,0.6684931506849315,0.33150684931506846
30,2015.0,526.0,1984.0,1983.0,0.6684931506849315,0.33150684931506846
30,2016.0,549.0,1985.0,1984.0,0.6684931506849315,0.33150684931506846
30,2017.0,552.0,1986.0,1985.0,0.6693989071038251,0.3306010928961749
30,2018.0,505.0,1987.0,1986.0,0.6684931506849315,0.33150684931506846
30,2009.5,513.0,1979.0,1978.0,0.3315068493150685,0.6684931506849314
31,2008.0,533.0,1977.0,1976.0,0.00273224043715847,0.9972677595628415
31,2009.0,541.0,1977.0,1976.0,0.9180327868852459,0.08196721311475408
31,2010.0,525.0,1978.0,1977.0,0.9178082191780822,0.0821917808219178
31,2011.0,597.0,1980.0,1979.0,0.0027397260273972603,0.9972602739726028
31,2012.0,543.0,1980.0,1979.0,0.6684931506849315,0.33150684931506846
31,2013.0,608.0,1981.0,1980.0,0.6693989071038251,0.3306010928961749
31,2014.0,519.0,1982.0,1981.0,0.6684931506849315,0.33150684931506846
31,2015.0,562.0,1983.0,1982.0,0.6684931506849315,0.33150684931506846
31,2016.0,519.0,1984.0,1983.0,0.6684931506849315,0.33150684931506846
31,2017.0,566.0,1985.0,1984.0,0.6693989071038251,0.3306010928961749
31,2018.0,539.0,1986.0,1985.0,0.6684931506849315,0.33150684931506846
31,2009.5,541.0,1978.0,1977.0,0.3315068493150685,0.6684931506849314
32,2008.0,500.0,1976.0,1975.0,0.00273224043715847,0.9972677595628415
32,2009.0,505.0,1976.0,1975.0,0.9180327868852459,0.08196721311475408
32,2010.0,572.0,1977.0,1976.0,0.9178082191780822,0.0821917808219178
32,2011.0,555.0,1979.0,1978.0,0.0027397260273972603,0.9972602739726028
32,2012.0,579.0,1979.0,1978.0,0.6684931506849315,0.33150684931506846
32,2013.0,568.0,1980.0,1979.0,0.6693989071038251,0.3306010928961749
32,2014.0,563.0,1981.0,1980.0,0.6684931506849315,0.33150684931506846
32,2015.0,516.0,1982.0,1981.0,0.6684931506849315,0.33150684931506846
32,2016.0,549.0,1983.0,1982.0,0.6684931506849315,0.33150684931506846
32,2017.0,508.0,1984.0,1983.0,0.6693989071038251,0.3306010928961749
32,2018.0,556.0,1985.0,1984.0,0.6684931506849315,0.33150684931506846
32,2009.5,505.0,1977.0,1976.0,0.3315068493150685,0.6684931506849314
33,2008.0,495.0,1975.0,1974.0,0.00273224043715847,0.9972677595628415
33,2009.0,475.0,1975.0,1974.0,0.9180327868852459,0.08196721311475408
33,2010.0,525.0,1976.0,1975.0,0.9178082191780822,0.0821917808219178
33,2011.0,551.0,1978.0,1977.0,0.0027397260273972603,0.9972602739726028
33,2012.0,531.0,1978.0,1977.0,0.6684931506849315,0.33150684931506846
33,2013.0,588.0,1979.0,1978.0,0.6693989071038251,0.3306010928961749
33,2014.0,556.0,1980.0,1979.0,0.6684931506849315,0.33150684931506846
33,2015.0,570.0,1981.0,1980.0,0.6684931506849315,0.33150684931506846
33,2016.0,523.0,1982.0,1981.0,0.6684931506849315,0.33150684931506846
33,2017.0,558.0,1983.0,1982.0,0.6693989071038251,0.3306010928961749
33,2018.0,508.0,1984.0,1983.0,0.6684931506849315,0.33150684931506846
33,2009.5,475.0,1976.0,1975.0,0.3315068493150685,0.6684931506849314
34,2008.0,528.0,1974.0,1973.0,0.00273224043715847,0.9972677595628415
34,2009.0,477.0,1974.0,1973.0,0.9180327868852459,0.08196721311475408
34,2010.0,496.0,1975.0,1974.0,0.9178082191780822,0.0821917808219178
34,2011.0,532.0,1977.0,1976.0,0.0027397260273972603,0.9972602739726028
34,2012.0,522.0,1977.0,1976.0,0.6684931506849315,0.33150684931506846
34,2013.0,543.0,1978.0,1977.0,0.6693989071038251,0.3306010928961749
34,2014.0,583.0,1979.0,1978.0,0.6684931506849315,0.33150684931506846
34,2015.0,555.0,1980.0,1979.0,0.6684931506849315,0.33150684931506846
34,2016.0,569.0,1981.0,1980.0,0.6684931506849315,0.33150684931506846
34,2017.0,526.0,1982.0,1981.0,0.6693989071038251,0.3306010928961749
34,2018.0,567.0,1983.0,1982.0,0.6684931506849315,0.33150684931506846
34,2009.5,477.0,1975.0,1974.0,0.3315068493150685,0.6684931506849314
35,2008.0,580.0,1973.0,1972.0,0.00273224043715847,0.9972677595628415
35,2009.0,513.0,1973.0,1972.0,0.9180327868852459,0.08196721311475408
35,2010.0,510.0,1974.0,1973.0,0.9178082191780822,0.0821917808219178
35,2011.0,504.0,1976.0,1975.0,0.0027397260273972603,0.9972602739726028
35,2012.0,499.0,1976.0,1975.0,0.6684931506849315,0.33150684931506846
35,2013.0,542.0,1977.0,1976.0,0.6693989071038251,0.3306010928961749
35,2014.0,513.0,1978.0,1977.0,0.6684931506849315,0.33150684931506846
35,2015.0,575.0,1979.0,1978.0,0.6684931506849315,0.33150684931506846
35,2016.0,546.0,1980.0,1979.0,0.6684931506849315,0.33150684931506846
35,2017.0,564.0,1981.0,1980.0,0.6693989071038251,0.3306010928961749
35,2018.0,527.0,1982.0,1981.0,0.6684931506849315,0.33150684931506846
35,2009.5,513.0,1974.0,1973.0,0.3315068493150685,0.6684931506849314
36,2008.0,620.0,1972.0,1971.0,0.00273224043715847,0.9972677595628415
36,2009.0,564.0,1972.0,1971.0,0.9180327868852459,0.08196721311475408
36,2010.0,530.0,1973.0,1972.0,0.9178082191780822,0.0821917808219178
36,2011.0,526.0,1975.0,1974.0,0.0027397260273972603,0.9972602739726028
36,2012.0,482.0,1975.0,1974.0,0.6684931506849315,0.33150684931506846
36,2013.0,512.0,1976.0,1975.0,0.6693989071038251,0.3306010928961749
36,2014.0,536.0,1977.0,1976.0,0.6684931506849315,0.33150684931506846
36,2015.0,508.0,1978.0,1977.0,0.6684931506849315,0.33150684931506846
36,2016.0,561.0,1979.0,1978.0,0.6684931506849315,0.33150684931506846
36,2017.0,536.0,1980.0,1979.0,0.6693989071038251,0.3306010928961749
36,2018.0,571.0,1981.0,1980.0,0.6684931506849315,0.33150684931506846
36,2009.5,564.0,1973.0,1972.0,0.3315068493150685,0.6684931506849314
37,2008.0,582.0,1971.0,1970.0,0.00273224043715847,0.9972677595628415
37,2009.0,611.0,1971.0,1970.0,0.9180327868852459,0.08196721311475408
37,2010.0,575.0,1972.0,1971.0,0.9178082191780822,0.0821917808219178
37,2011.0,512.0,1974.0,1973.0,0.0027397260273972603,0.9972602739726028
37,2012.0,500.0,1974.0,1973.0,0.6684931506849315,0.33150684931506846
37,2013.0,487.0,1975.0,1974.0,0.6693989071038251,0.3306010928961749
37,2014.0,487.0,1976.0,1975.0,0.6684931506849315,0.33150684931506846
37,2015.0,516.0,1977.0,1976.0,0.6684931506849315,0.33150684931506846
37,2016.0,508.0,1978.0,1977.0,0.6684931506849315,0.33150684931506846
37,2017.0,559.0,1979.0,1978.0,0.6693989071038251,0.3306010928961749
37,2018.0,560.0,1980.0,1979.0,0.6684931506849315,0.33150684931506846
37,2009.5,611.0,1972.0,1971.0,0.3315068493150685,0.6684931506849314
38,2008.0,611.0,1970.0,1969.0,0.00273224043715847,0.9972677595628415
38,2009.0,558.0,1970.0,1969.0,0.9180327868852459,0.08196721311475408
38,2010.0,626.0,1971.0,1970.0,0.9178082191780822,0.0821917808219178
38,2011.0,566.0,1973.0,1972.0,0.0027397260273972603,0.9972602739726028
38,2012.0,496.0,1973.0,1972.0,0.6684931506849315,0.33150684931506846
38,2013.0,529.0,1974.0,1973.0,0.6693989071038251,0.3306010928961749
38,2014.0,467.0,1975.0,1974.0,0.6684931506849315,0.33150684931506846
38,2015.0,488.0,1976.0,1975.0,0.6684931506849315,0.33150684931506846
38,2016.0,496.0,1977.0,1976.0,0.6684931506849315,0.33150684931506846
38,2017.0,498.0,1978.0,1977.0,0.6693989071038251,0.3306010928961749
38,2018.0,544.0,1979.0,1978.0,0.6684931506849315,0.33150684931506846
38,2009.5,558.0,1971.0,1970.0,0.3315068493150685,0.6684931506849314
39,2008.0,600.0,1969.0,1968.0,0.00273224043715847,0.9972677595628415
39,2009.0,593.0,1969.0,1968.0,0.9180327868852459,0.08196721311475408
39,2010.0,563.0,1970.0,1969.0,0.9178082191780822,0.0821917808219178
39,2011.0,612.0,1972.0,1971.0,0.0027397260273972603,0.9972602739726028
39,2012.0,550.0,1972.0,1971.0,0.6684931506849315,0.33150684931506846
39,2013.0,502.0,1973.0,1972.0,0.6693989071038251,0.3306010928961749
39,2014.0,500.0,1974.0,1973.0,0.6684931506849315,0.33150684931506846
39,2015.0,472.0,1975.0,1974.0,0.6684931506849315,0.33150684931506846
39,2016.0,480.0,1976.0,1975.0,0.6684931506849315,0.33150684931506846
39,2017.0,499.0,1977.0,1976.0,0.6693989071038251,0.3306010928961749
39,2018.0,494.0,1978.0,1977.0,0.6684931506849315,0.33150684931506846
39,2009.5,593.0,1970.0,1969.0,0.3315068493150685,0.6684931506849314
40,2008.0,609.0,1968.0,1967.0,0.00273224043715847,0.9972677595628415
40,2009.0,586.0,1968.0,1967.0,0.9180327868852459,0.08196721311475408
40,2010.0,598.0,1969.0,1968.0,0.9178082191780822,0.0821917808219178
40,2011.0,569.0,1971.0,1970.0,0.0027397260273972603,0.9972602739726028
40,2012.0,597.0,1971.0,1970.0,0.6684931506849315,0.33150684931506846
40,2013.0,548.0,1972.0,1971.0,0.6693989071038251,0.3306010928961749
40,2014.0,501.0,1973.0,1972.0,0.6684931506849315,0.33150684931506846
40,2015.0,479.0,1974.0,1973.0,0.6684931506849315,0.33150684931506846
40,2016.0,463.0,1975.0,1974.0,0.6684931506849315,0.33150684931506846
40,2017.0,479.0,1976.0,1975.0,0.6693989071038251,0.3306010928961749
40,2018.0,498.0,1977.0,1976.0,0.6684931506849315,0.33150684931506846
40,2009.5,586.0,1969.0,1968.0,0.3315068493150685,0.6684931506849314
41,2008.0,676.0,1967.0,1966.0,0.00273224043715847,0.9972677595628415
41,2009.0,582.0,1967.0,1966.0,0.9180327868852459,0.08196721311475408
41,2010.0,591.0,1968.0,1967.0,0.9178082191780822,0.0821917808219178
41,2011.0,589.0,1970.0,1969.0,0.0027397260273972603,0.9972602739726028
41,2012.0,559.0,1970.0,1969.0,0.6684931506849315,0.33150684931506846
41,2013.0,607.0,1971.0,1970.0,0.6693989071038251,0.3306010928961749
41,2014.0,528.0,1972.0,1971.0,0.6684931506849315,0.33150684931506846
41,2015.0,487.0,1973.0,1972.0,0.6684931506849315,0.33150684931506846
41,2016.0,491.0,1974.0,1973.0,0.6684931506849315,0.33150684931506846
41,2017.0,471.0,1975.0,1974.0,0.6693989071038251,0.3306010928961749
41,2018.0,454.0,1976.0,1975.0,0.6684931506849315,0.33150684931506846
41,2009.5,582.0,1968.0,1967.0,0.3315068493150685,0.6684931506849314
42,2008.0,729.0,1966.0,1965.0,0.00273224043715847,0.9972677595628415
42,2009.0,678.0,1966.0,1965.0,0.9180327868852459,0.08196721311475408
42,2010.0,593.0,1967.0,1966.0,0.9178082191780822,0.0821917808219178
42,2011.0,573.0,1969.0,1968.0,0.0027397260273972603,0.9972602739726028
42,2012.0,579.0,1969.0,1968.0,0.6684931506849315,0.33150684931506846
42,2013.0,567.0,1970.0,1969.0,0.6693989071038251,0.3306010928961749
42,2014.0,602.0,1971.0,1970.0,0.6684931506849315,0.33150684931506846
42,2015.0,511.0,1972.0,1971.0,0.6684931506849315,0.33150684931506846
42,2016.0,475.0,1973.0,1972.0,0.6684931506849315,0.33150684931506846
42,2017.0,511.0,1974.0,1973.0,0.6693989071038251,0.3306010928961749
42,2018.0,473.0,1975.0,1974.0,0.6684931506849315,0.33150684931506846
42,2009.5,678.0,1967.0,1966.0,0.3315068493150685,0.6684931506849314
43,2008.0,738.0,1965.0,1964.0,0.00273224043715847,0.9972677595628415
43,2009.0,714.0,1965.0,1964.0,0.9180327868852459,0.08196721311475408
43,2010.0,686.0,1966.0,1965.0,0.9178082191780822,0.0821917808219178
43,2011.0,592.0,1968.0,1967.0,0.0027397260273972603,0.9972602739726028
43,2012.0,548.0,1968.0,1967.0,0.6684931506849315,0.33150684931506846
43,2013.0,582.0,1969.0,1968.0,0.6693989071038251,0.3306010928961749
43,2014.0,557.0,1970.0,1969.0,0.6684931506849315,0.33150684931506846
43,2015.0,581.0,1971.0,1970.0,0.6684931506849315,0.33150684931506846
43,2016.0,538.0,1972.0,1971.0,0.6684931506849315,0.33150684931506846
43,2017.0,459.0,1973.0,1972.0,0.6693989071038251,0.3306010928961749
43,2018.0,503.0,1974.0,1973.0,0.6684931506849315,0.33150684931506846
43,2009.5,714.0,1966.0,1965.0,0.3315068493150685,0.6684931506849314
44,2008.0,791.0,1964.0,1963.0,0.00273224043715847,0.9972677595628415
44,2009.0,728.0,1964.0,1963.0,0.9180327868852459,0.08196721311475408
44,2010.0,725.0,1965.0,1964.0,0.9178082191780822,0.0821917808219178
44,2011.0,667.0,1967.0,1966.0,0.0027397260273972603,0.9972602739726028
44,2012.0,571.0,1967.0,1966.0,0.6684931506849315,0.33150684931506846
44,2013.0,580.0,1968.0,1967.0,0.6693989071038251,0.3306010928961749
44,2014.0,571.0,1969.0,1968.0,0.6684931506849315,0.33150684931506846
44,2015.0,545.0,1970.0,1969.0,0.6684931506849315,0.33150684931506846
44,2016.0,570.0,1971.0,1970.0,0.6684931506849315,0.33150684931506846
44,2017.0,533.0,1972.0,1971.0,0.6693989071038251,0.3306010928961749
44,2018.0,457.0,1973.0,1972.0,0.6684931506849315,0.33150684931506846
44,2009.5,728.0,1965.0,1964.0,0.3315068493150685,0.6684931506849314
45,2008.0,856.0,1963.0,1962.0,0.00273224043715847,0.9972677595628415
45,2009.0,767.0,1963.0,1962.0,0.9180327868852459,0.08196721311475408
45,2010.0,741.0,1964.0,1963.0,0.9178082191780822,0.0821917808219178
45,2011.0,711.0,1966.0,1965.0,0.0027397260273972603,0.9972602739726028
45,2012.0,653.0,1966.0,1965.0,0.6684931506849315,0.33150684931506846
45,2013.0,591.0,1967.0,1966.0,0.6693989071038251,0.3306010928961749
45,2014.0,562.0,1968.0,1967.0,0.6684931506849315,0.33150684931506846
45,2015.0,551.0,1969.0,1968.0,0.6684931506849315,0.33150684931506846
45,2016.0,533.0,1970.0,1969.0,0.6684931506849315,0.33150684931506846
45,2017.0,570.0,1971.0,1970.0,0.6693989071038251,0.3306010928961749
45,2018.0,526.0,1972.0,1971.0,0.6684931506849315,0.33150684931506846
45,2009.5,767.0,1964.0,1963.0,0.3315068493150685,0.6684931506849314
46,2008.0,797.0,1962.0,1961.0,0.00273224043715847,0.9972677595628415
46,2009.0,815.0,1962.0,1961.0,0.9180327868852459,0.08196721311475408
46,2010.0,783.0,1963.0,1962.0,0.9178082191780822,0.0821917808219178
46,2011.0,745.0,1965.0,1964.0,0.0027397260273972603,0.9972602739726028
46,2012.0,704.0,1965.0,1964.0,0.6684931506849315,0.33150684931506846
46,2013.0,672.0,1966.0,1965.0,0.6693989071038251,0.3306010928961749
46,2014.0,571.0,1967.0,1966.0,0.6684931506849315,0.33150684931506846
46,2015.0,560.0,1968.0,1967.0,0.6684931506849315,0.33150684931506846
46,2016.0,527.0,1969.0,1968.0,0.6684931506849315,0.33150684931506846
46,2017.0,539.0,1970.0,1969.0,0.6693989071038251,0.3306010928961749
46,2018.0,559.0,1971.0,1970.0,0.6684931506849315,0.33150684931506846
46,2009.5,815.0,1963.0,1962.0,0.3315068493150685,0.6684931506849314
47,2008.0,859.0,1961.0,1960.0,0.00273224043715847,0.9972677595628415
47,2009.0,783.0,1961.0,1960.0,0.9180327868852459,0.08196721311475408
47,2010.0,819.0,1962.0,1961.0,0.9178082191780822,0.0821917808219178
47,2011.0,784.0,1964.0,1963.0,0.0027397260273972603,0.9972602739726028
47,2012.0,727.0,1964.0,1963.0,0.6684931506849315,0.33150684931506846
47,2013.0,704.0,1965.0,1964.0,0.6693989071038251,0.3306010928961749
47,2014.0,675.0,1966.0,1965.0,0.6684931506849315,0.33150684931506846
47,2015.0,560.0,1967.0,1966.0,0.6684931506849315,0.33150684931506846
47,2016.0,543.0,1968.0,1967.0,0.6684931506849315,0.33150684931506846
47,2017.0,515.0,1969.0,1968.0,0.6693989071038251,0.3306010928961749
47,2018.0,535.0,1970.0,1969.0,0.6684931506849315,0.33150684931506846
47,2009.5,783.0,1962.0,1961.0,0.3315068493150685,0.6684931506849314
48,2008.0,804.0,1960.0,1959.0,0.00273224043715847,0.9972677595628415
48,2009.0,843.0,1960.0,1959.0,0.9180327868852459,0.08196721311475408
48,2010.0,792.0,1961.0,1960.0,0.9178082191780822,0.0821917808219178
48,2011.0,807.0,1963.0,1962.0,0.0027397260273972603,0.9972602739726028
48,2012.0,780.0,1963.0,1962.0,0.6684931506849315,0.33150684931506846
48,2013.0,725.0,1964.0,1963.0,0.6693989071038251,0.3306010928961749
48,2014.0,672.0,1965.0,1964.0,0.6684931506849315,0.33150684931506846
48,2015.0,670.0,1966.0,1965.0,0.6684931506849315,0.33150684931506846
48,2016.0,556.0,1967.0,1966.0,0.6684931506849315,0.33150684931506846
48,2017.0,536.0,1968.0,1967.0,0.6693989071038251,0.3306010928961749
48,2018.0,516.0,1969.0,1968.0,0.6684931506849315,0.33150684931506846
48,2009.5,843.0,1961.0,1960.0,0.3315068493150685,0.6684931506849314
49,2008.0,790.0,1959.0,1958.0,0.00273224043715847,0.9972677595628415
49,2009.0,784.0,1959.0,1958.0,0.9180327868852459,0.08196721311475408
49,2010.0,867.0,1960.0,1959.0,0.9178082191780822,0.0821917808219178
49,2011.0,790.0,1962.0,1961.0,0.0027397260273972603,0.9972602739726028
49,2012.0,793.0,1962.0,1961.0,0.6684931506849315,0.33150684931506846
49,2013.0,774.0,1963.0,1962.0,0.6693989071038251,0.3306010928961749
49,2014.0,727.0,1964.0,1963.0,0.6684931506849315,0.33150684931506846
49,2015.0,673.0,1965.0,1964.0,0.6684931506849315,0.33150684931506846
49,2016.0,662.0,1966.0,1965.0,0.6684931506849315,0.33150684931506846
49,2017.0,550.0,1967.0,1966.0,0.6693989071038251,0.3306010928961749
49,2018.0,526.0,1968.0,1967.0,0.6684931506849315,0.33150684931506846
49,2009.5,784.0,1960.0,1959.0,0.3315068493150685,0.6684931506849314
50,2008.0,850.0,1958.0,1957.0,0.00273224043715847,0.9972677595628415
50,2009.0,798.0,1958.0,1957.0,0.9180327868852459,0.08196721311475408
50,2010.0,813.0,1959.0,1958.0,0.9178082191780822,0.0821917808219178
50,2011.0,857.0,1961.0,1960.0,0.0027397260273972603,0.9972602739726028
50,2012.0,764.0,1961.0,1960.0,0.6684931506849315,0.33150684931506846
50,2013.0,792.0,1962.0,1961.0,0.6693989071038251,0.3306010928961749
50,2014.0,764.0,1963.0,1962.0,0.6684931506849315,0.33150684931506846
50,2015.0,715.0,1964.0,1963.0,0.6684931506849315,0.33150684931506846
50,2016.0,685.0,1965.0,1964.0,0.6684931506849315,0.33150684931506846
50,2017.0,643.0,1966.0,1965.0,0.6693989071038251,0.3306010928961749
50,2018.0,557.0,1967.0,1966.0,0.6684931506849315,0.33150684931506846
50,2009.5,798.0,1959.0,1958.0,0.3315068493150685,0.6684931506849314
51,2008.0,746.0,1957.0,1956.0,0.00273224043715847,0.9972677595628415
51,2009.0,830.0,1957.0,1956.0,0.9180327868852459,0.08196721311475408
51,2010.0,799.0,1958.0,1957.0,0.9178082191780822,0.0821917808219178
51,2011.0,815.0,1960.0,1959.0,0.0027397260273972603,0.9972602739726028
51,2012.0,846.0,1960.0,1959.0,0.6684931506849315,0.33150684931506846
51,2013.0,772.0,1961.0,1960.0,0.6693989071038251,0.3306010928961749
51,2014.0,773.0,1962.0,1961.0,0.6684931506849315,0.33150684931506846
51,2015.0,770.0,1963.0,1962.0,0.6684931506849315,0.33150684931506846
51,2016.0,713.0,1964.0,1963.0,0.6684931506849315,0.33150684931506846
51,2017.0,671.0,1965.0,1964.0,0.6693989071038251,0.3306010928961749
51,2018.0,644.0,1966.0,1965.0,0.6684931506849315,0.33150684931506846
51,2009.5,830.0,1958.0,1957.0,0.3315068493150685,0.6684931506849314
52,2008.0,764.0,1956.0,1955.0,0.00273224043715847,0.9972677595628415
52,2009.0,724.0,1956.0,1955.0,0.9180327868852459,0.08196721311475408
52,2010.0,827.0,1957.0,1956.0,0.9178082191780822,0.0821917808219178
52,2011.0,796.0,1959.0,1958.0,0.0027397260273972603,0.9972602739726028
52,2012.0,786.0,1959.0,1958.0,0.6684931506849315,0.33150684931506846
52,2013.0,835.0,1960.0,1959.0,0.6693989071038251,0.3306010928961749
52,2014.0,743.0,1961.0,1960.0,0.6684931506849315,0.33150684931506846
52,2015.0,775.0,1962.0,1961.0,0.6684931506849315,0.33150684931506846
52,2016.0,741.0,1963.0,1962.0,0.6684931506849315,0.33150684931506846
52,2017.0,710.0,1964.0,1963.0,0.6693989071038251,0.3306010928961749
52,2018.0,654.0,1965.0,1964.0,0.6684931506849315,0.33150684931506846
52,2009.5,724.0,1957.0,1956.0,0.3315068493150685,0.6684931506849314
53,2008.0,720.0,1955.0,1954.0,0.00273224043715847,0.9972677595628415
53,2009.0,760.0,1955.0,1954.0,0.9180327868852459,0.08196721311475408
53,2010.0,737.0,1956.0,1955.0,0.9178082191780822,0.0821917808219178
53,2011.0,822.0,1958.0,1957.0,0.0027397260273972603,0.9972602739726028
53,2012.0,776.0,1958.0,1957.0,0.6684931506849315,0.33150684931506846
53,2013.0,787.0,1959.0,1958.0,0.6693989071038251,0.3306010928961749
53,2014.0,811.0,1960.0,1959.0,0.6684931506849315,0.33150684931506846
53,2015.0,724.0,1961.0,1960.0,0.6684931506849315,0.33150684931506846
53,2016.0,755.0,1962.0,1961.0,0.6684931506849315,0.33150684931506846
53,2017.0,733.0,1963.0,1962.0,0.6693989071038251,0.3306010928961749
53,2018.0,689.0,1964.0,1963.0,0.6684931506849315,0.33150684931506846
53,2009.5,760.0,1956.0,1955.0,0.3315068493150685,0.6684931506849314
54,2008.0,700.0,1954.0,1953.0,0.00273224043715847,0.9972677595628415
54,2009.0,704.0,1954.0,1953.0,0.9180327868852459,0.08196721311475408
54,2010.0,760.0,1955.0,1954.0,0.9178082191780822,0.0821917808219178
54,2011.0,747.0,1957.0,1956.0,0.0027397260273972603,0.9972602739726028
54,2012.0,812.0,1957.0,1956.0,0.6684931506849315,0.33150684931506846
54,2013.0,763.0,1958.0,1957.0,0.6693989071038251,0.3306010928961749
54,2014.0,776.0,1959.0,1958.0,0.6684931506849315,0.33150684931506846
54,2015.0,813.0,1960.0,1959.0,0.6684931506849315,0.33150684931506846
54,2016.0,736.0,1961.0,1960.0,0.6684931506849315,0.33150684931506846
54,2017.0,751.0,1962.0,1961.0,0.6693989071038251,0.3306010928961749
54,2018.0,735.0,1963.0,1962.0,0.6684931506849315,0.33150684931506846
54,2009.5,704.0,1955.0,1954.0,0.3315068493150685,0.6684931506849314
55,2008.0,697.0,1953.0,1952.0,0.00273224043715847,0.9972677595628415
55,2009.0,689.0,1953.0,1952.0,0.9180327868852459,0.08196721311475408
55,2010.0,726.0,1954.0,1953.0,0.9178082191780822,0.0821917808219178
55,2011.0,761.0,1956.0,1955.0,0.0027397260273972603,0.9972602739726028
55,2012.0,735.0,1956.0,1955.0,0.6684931506849315,0.33150684931506846
55,2013.0,794.0,1957.0,1956.0,0.6693989071038251,0.3306010928961749
55,2014.0,750.0,1958.0,1957.0,0.6684931506849315,0.33150684931506846
55,2015.0,767.0,1959.0,1958.0,0.6684931506849315,0.33150684931506846
55,2016.0,802.0,1960.0,1959.0,0.6684931506849315,0.33150684931506846
55,2017.0,724.0,1961.0,1960.0,0.6693989071038251,0.3306010928961749
55,2018.0,750.0,1962.0,1961.0,0.6684931506849315,0.33150684931506846
55,2009.5,689.0,1954.0,1953.0,0.3315068493150685,0.6684931506849314
56,2008.0,655.0,1952.0,1951.0,0.00273224043715847,0.9972677595628415
56,2009.0,688.0,1952.0,1951.0,0.9180327868852459,0.08196721311475408
56,2010.0,699.0,1953.0,1952.0,0.9178082191780822,0.0821917808219178
56,2011.0,713.0,1955.0,1954.0,0.0027397260273972603,0.9972602739726028
56,2012.0,753.0,1955.0,1954.0,0.6684931506849315,0.33150684931506846
56,2013.0,742.0,1956.0,1955.0,0.6693989071038251,0.3306010928961749
56,2014.0,776.0,1957.0,1956.0,0.6684931506849315,0.33150684931506846
56,2015.0,758.0,1958.0,1957.0,0.6684931506849315,0.33150684931506846
56,2016.0,750.0,1959.0,1958.0,0.6684931506849315,0.33150684931506846
56,2017.0,780.0,1960.0,1959.0,0.6693989071038251,0.3306010928961749
56,2018.0,715.0,1961.0,1960.0,0.6684931506849315,0.33150684931506846
56,2009.5,688.0,1953.0,1952.0,0.3315068493150685,0.6684931506849314
57,2008.0,593.0,1951.0,1950.0,0.00273224043715847,0.9972677595628415
57,2009.0,645.0,1951.0,1950.0,0.9180327868852459,0.08196721311475408
57,2010.0,689.0,1952.0,1951.0,0.9178082191780822,0.0821917808219178
57,2011.0,700.0,1954.0,1953.0,0.0027397260273972603,0.9972602739726028
57,2012.0,699.0,1954.0,1953.0,0.6684931506849315,0.33150684931506846
57,2013.0,742.0,1955.0,1954.0,0.6693989071038251,0.3306010928961749
57,2014.0,717.0,1956.0,1955.0,0.6684931506849315,0.33150684931506846
57,2015.0,761.0,1957.0,1956.0,0.6684931506849315,0.33150684931506846
57,2016.0,742.0,1958.0,1957.0,0.6684931506849315,0.33150684931506846
57,2017.0,745.0,1959.0,1958.0,0.6693989071038251,0.3306010928961749
57,2018.0,774.0,1960.0,1959.0,0.6684931506849315,0.33150684931506846
57,2009.5,645.0,1952.0,1951.0,0.3315068493150685,0.6684931506849314
58,2008.0,579.0,1950.0,1949.0,0.00273224043715847,0.9972677595628415
58,2009.0,579.0,1950.0,1949.0,0.9180327868852459,0.08196721311475408
58,2010.0,652.0,1951.0,1950.0,0.9178082191780822,0.0821917808219178
58,2011.0,679.0,1953.0,1952.0,0.0027397260273972603,0.9972602739726028
58,2012.0,688.0,1953.0,1952.0,0.6684931506849315,0.33150684931506846
58,2013.0,704.0,1954.0,1953.0,0.6693989071038251,0.3306010928961749
58,2014.0,694.0,1955.0,1954.0,0.6684931506849315,0.33150684931506846
58,2015.0,709.0,1956.0,1955.0,0.6684931506849315,0.33150684931506846
58,2016.0,761.0,1957.0,1956.0,0.6684931506849315,0.33150684931506846
58,2017.0,723.0,1958.0,1957.0,0.6693989071038251,0.3306010928961749
58,2018.0,752.0,1959.0,1958.0,0.6684931506849315,0.33150684931506846
58,2009.5,579.0,1951.0,1950.0,0.3315068493150685,0.6684931506849314
59,2008.0,571.0,1949.0,1948.0,0.00273224043715847,0.9972677595628415
59,2009.0,570.0,1949.0,1948.0,0.9180327868852459,0.08196721311475408
59,2010.0,574.0,1950.0,1949.0,0.9178082191780822,0.0821917808219178
59,2011.0,634.0,1952.0,1951.0,0.0027397260273972603,0.9972602739726028
59,2012.0,671.0,1952.0,1951.0,0.6684931506849315,0.33150684931506846
59,2013.0,683.0,1953.0,1952.0,0.6693989071038251,0.3306010928961749
59,2014.0,685.0,1954.0,1953.0,0.6684931506849315,0.33150684931506846
59,2015.0,684.0,1955.0,1954.0,0.6684931506849315,0.33150684931506846
59,2016.0,717.0,1956.0,1955.0,0.6684931506849315,0.33150684931506846
59,2017.0,747.0,1957.0,1956.0,0.6693989071038251,0.3306010928961749
59,2018.0,704.0,1958.0,1957.0,0.6684931506849315,0.33150684931506846
59,2009.5,570.0,1950.0,1949.0,0.3315068493150685,0.6684931506849314
60,2008.0,613.0,1948.0,1947.0,0.00273224043715847,0.9972677595628415
60,2009.0,558.0,1948.0,1947.0,0.9180327868852459,0.08196721311475408
60,2010.0,581.0,1949.0,1948.0,0.9178082191780822,0.0821917808219178
60,2011.0,571.0,1951.0,1950.0,0.0027397260273972603,0.9972602739726028
60,2012.0,632.0,1951.0,1950.0,0.6684931506849315,0.33150684931506846
60,2013.0,671.0,1952.0,1951.0,0.6693989071038251,0.3306010928961749
60,2014.0,659.0,1953.0,1952.0,0.6684931506849315,0.33150684931506846
60,2015.0,678.0,1954.0,1953.0,0.6684931506849315,0.33150684931506846
60,2016.0,701.0,1955.0,1954.0,0.6684931506849315,0.33150684931506846
60,2017.0,705.0,1956.0,1955.0,0.6693989071038251,0.3306010928961749
60,2018.0,743.0,1957.0,1956.0,0.6684931506849315,0.33150684931506846
60,2009.5,558.0,1949.0,1948.0,0.3315068493150685,0.6684931506849314
61,2008.0,468.0,1947.0,1946.0,0.00273224043715847,0.9972677595628415
61,2009.0,612.0,1947.0,1946.0,0.9180327868852459,0.08196721311475408
61,2010.0,555.0,1948.0,1947.0,0.9178082191780822,0.0821917808219178
61,2011.0,584.0,1950.0,1949.0,0.0027397260273972603,0.9972602739726028
61,2012.0,575.0,1950.0,1949.0,0.6684931506849315,0.33150684931506846
61,2013.0,625.0,1951.0,1950.0,0.6693989071038251,0.3306010928961749
61,2014.0,656.0,1952.0,1951.0,0.6684931506849315,0.33150684931506846
61,2015.0,648.0,1953.0,1952.0,0.6684931506849315,0.33150684931506846
61,2016.0,658.0,1954.0,1953.0,0.6684931506849315,0.33150684931506846
61,2017.0,695.0,1955.0,1954.0,0.6693989071038251,0.3306010928961749
61,2018.0,692.0,1956.0,1955.0,0.6684931506849315,0.33150684931506846
61,2009.5,612.0,1948.0,1947.0,0.3315068493150685,0.6684931506849314
62,2008.0,428.0,1946.0,1945.0,0.00273224043715847,0.9972677595628415
62,2009.0,456.0,1946.0,1945.0,0.9180327868852459,0.08196721311475408
62,2010.0,607.0,1947.0,1946.0,0.9178082191780822,0.0821917808219178
62,2011.0,559.0,1949.0,1948.0,0.0027397260273972603,0.9972602739726028
62,2012.0,561.0,1949.0,1948.0,0.6684931506849315,0.33150684931506846
62,2013.0,569.0,1950.0,1949.0,0.6693989071038251,0.3306010928961749
62,2014.0,609.0,1951.0,1950.0,0.6684931506849315,0.33150684931506846
62,2015.0,640.0,1952.0,1951.0,0.6684931506849315,0.33150684931506846
62,2016.0,652.0,1953.0,1952.0,0.6684931506849315,0.33150684931506846
62,2017.0,643.0,1954.0,1953.0,0.6693989071038251,0.3306010928961749
62,2018.0,676.0,1955.0,1954.0,0.6684931506849315,0.33150684931506846
62,2009.5,456.0,1947.0,1946.0,0.3315068493150685,0.6684931506849314
63,2008.0,434.0,1945.0,1944.0,0.00273224043715847,0.9972677595628415
63,2009.0,417.0,1945.0,1944.0,0.9180327868852459,0.08196721311475408
63,2010.0,460.0,1946.0,1945.0,0.9178082191780822,0.0821917808219178
63,2011.0,598.0,1948.0,1947.0,0.0027397260273972603,0.9972602739726028
63,2012.0,535.0,1948.0,1947.0,0.6684931506849315,0.33150684931506846
63,2013.0,564.0,1949.0,1948.0,0.6693989071038251,0.3306010928961749
63,2014.0,551.0,1950.0,1949.0,0.6684931506849315,0.33150684931506846
63,2015.0,600.0,1951.0,1950.0,0.6684931506849315,0.33150684931506846
63,2016.0,629.0,1952.0,1951.0,0.6684931506849315,0.33150684931506846
63,2017.0,627.0,1953.0,1952.0,0.6693989071038251,0.3306010928961749
63,2018.0,634.0,1954.0,1953.0,0.6684931506849315,0.33150684931506846
63,2009.5,417.0,1946.0,1945.0,0.3315068493150685,0.6684931506849314
64,2008.0,457.0,1944.0,1943.0,0.00273224043715847,0.9972677595628415
64,2009.0,426.0,1944.0,1943.0,0.9180327868852459,0.08196721311475408
64,2010.0,412.0,1945.0,1944.0,0.9178082191780822,0.0821917808219178
64,2011.0,457.0,1947.0,1946.0,0.0027397260273972603,0.9972602739726028
64,2012.0,583.0,1947.0,1946.0,0.6684931506849315,0.33150684931506846
64,2013.0,527.0,1948.0,1947.0,0.6693989071038251,0.3306010928961749
64,2014.0,541.0,1949.0,1948.0,0.6684931506849315,0.33150684931506846
64,2015.0,538.0,1950.0,1949.0,0.6684931506849315,0.33150684931506846
64,2016.0,594.0,1951.0,1950.0,0.6684931506849315,0.33150684931506846
64,2017.0,614.0,1952.0,1951.0,0.6693989071038251,0.3306010928961749
64,2018.0,619.0,1953.0,1952.0,0.6684931506849315,0.33150684931506846
64,2009.5,426.0,1945.0,1944.0,0.3315068493150685,0.6684931506849314
65,2008.0,417.0,1943.0,1942.0,0.00273224043715847,0.9972677595628415
65,2009.0,452.0,1943.0,1942.0,0.9180327868852459,0.08196721311475408
65,2010.0,430.0,1944.0,1943.0,0.9178082191780822,0.0821917808219178
65,2011.0,414.0,1946.0,1945.0,0.0027397260273972603,0.9972602739726028
65,2012.0,446.0,1946.0,1945.0,0.6684931506849315,0.33150684931506846
65,2013.0,579.0,1947.0,1946.0,0.6693989071038251,0.3306010928961749
65,2014.0,505.0,1948.0,1947.0,0.6684931506849315,0.33150684931506846
65,2015.0,536.0,1949.0,1948.0,0.6684931506849315,0.33150684931506846
65,2016.0,537.0,1950.0,1949.0,0.6684931506849315,0.33150684931506846
65,2017.0,585.0,1951.0,1950.0,0.6693989071038251,0.3306010928961749
65,2018.0,605.0,1952.0,1951.0,0.6684931506849315,0.33150684931506846
65,2009.5,452.0,1944.0,1943.0,0.3315068493150685,0.6684931506849314
66,2008.0,370.0,1942.0,1941.0,0.00273224043715847,0.9972677595628415
66,2009.0,415.0,1942.0,1941.0,0.9180327868852459,0.08196721311475408
66,2010.0,450.0,1943.0,1942.0,0.9178082191780822,0.0821917808219178
66,2011.0,436.0,1945.0,1944.0,0.0027397260273972603,0.9972602739726028
66,2012.0,401.0,1945.0,1944.0,0.6684931506849315,0.33150684931506846
66,2013.0,453.0,1946.0,1945.0,0.6693989071038251,0.3306010928961749
66,2014.0,565.0,1947.0,1946.0,0.6684931506849315,0.33150684931506846
66,2015.0,517.0,1948.0,1947.0,0.6684931506849315,0.33150684931506846
66,2016.0,540.0,1949.0,1948.0,0.6684931506849315,0.33150684931506846
66,2017.0,540.0,1950.0,1949.0,0.6693989071038251,0.3306010928961749
66,2018.0,572.0,1951.0,1950.0,0.6684931506849315,0.33150684931506846
66,2009.5,415.0,1943.0,1942.0,0.3315068493150685,0.6684931506849314
67,2008.0,363.0,1941.0,1940.0,0.00273224043715847,0.9972677595628415
67,2009.0,363.0,1941.0,1940.0,0.9180327868852459,0.08196721311475408
67,2010.0,405.0,1942.0,1941.0,0.9178082191780822,0.0821917808219178
67,2011.0,447.0,1944.0,1943.0,0.0027397260273972603,0.9972602739726028
67,2012.0,417.0,1944.0,1943.0,0.6684931506849315,0.33150684931506846
67,2013.0,408.0,1945.0,1944.0,0.6693989071038251,0.3306010928961749
67,2014.0,461.0,1946.0,1945.0,0.6684931506849315,0.33150684931506846
67,2015.0,572.0,1947.0,1946.0,0.6684931506849315,0.33150684931506846
67,2016.0,522.0,1948.0,1947.0,0.6684931506849315,0.33150684931506846
67,2017.0,539.0,1949.0,1948.0,0.6693989071038251,0.3306010928961749
67,2018.0,524.0,1950.0,1949.0,0.6684931506849315,0.33150684931506846
67,2009.5,363.0,1942.0,1941.0,0.3315068493150685,0.6684931506849314
68,2008.0,365.0,1940.0,1939.0,0.00273224043715847,0.9972677595628415
68,2009.0,341.0,1940.0,1939.0,0.9180327868852459,0.08196721311475408
68,2010.0,367.0,1941.0,1940.0,0.9178082191780822,0.0821917808219178
68,2011.0,402.0,1943.0,1942.0,0.0027397260273972603,0.9972602739726028
68,2012.0,427.0,1943.0,1942.0,0.6684931506849315,0.33150684931506846
68,2013.0,414.0,1944.0,1943.0,0.6693989071038251,0.3306010928961749
68,2014.0,396.0,1945.0,1944.0,0.6684931506849315,0.33150684931506846
68,2015.0,452.0,1946.0,1945.0,0.6684931506849315,0.33150684931506846
68,2016.0,552.0,1947.0,1946.0,0.6684931506849315,0.33150684931506846
68,2017.0,497.0,1948.0,1947.0,0.6693989071038251,0.3306010928961749
68,2018.0,531.0,1949.0,1948.0,0.6684931506849315,0.33150684931506846
68,2009.5,341.0,1941.0,1940.0,0.3315068493150685,0.6684931506849314
69,2008.0,320.0,1939.0,1938.0,0.00273224043715847,0.9972677595628415
69,2009.0,352.0,1939.0,1938.0,0.9180327868852459,0.08196721311475408
69,2010.0,331.0,1940.0,1939.0,0.9178082191780822,0.0821917808219178
69,2011.0,368.0,1942.0,1941.0,0.0027397260273972603,0.9972602739726028
69,2012.0,391.0,1942.0,1941.0,0.6684931506849315,0.33150684931506846
69,2013.0,431.0,1943.0,1942.0,0.6693989071038251,0.3306010928961749
69,2014.0,403.0,1944.0,1943.0,0.6684931506849315,0.33150684931506846
69,2015.0,393.0,1945.0,1944.0,0.6684931506849315,0.33150684931506846
69,2016.0,442.0,1946.0,1945.0,0.6684931506849315,0.33150684931506846
69,2017.0,545.0,1947.0,1946.0,0.6693989071038251,0.3306010928961749
69,2018.0,500.0,1948.0,1947.0,0.6684931506849315,0.33150684931506846
69,2009.5,352.0,1940.0,1939.0,0.3315068493150685,0.6684931506849314
70,2008.0,359.0,1938.0,1937.0,0.00273224043715847,0.9972677595628415
70,2009.0,308.0,1938.0,1937.0,0.9180327868852459,0.08196721311475408
70,2010.0,346.0,1939.0,1938.0,0.9178082191780822,0.0821917808219178
70,2011.0,339.0,1941.0,1940.0,0.0027397260273972603,0.9972602739726028
70,2012.0,359.0,1941.0,1940.0,0.6684931506849315,0.33150684931506846
70,2013.0,389.0,1942.0,1941.0,0.6693989071038251,0.3306010928961749
70,2014.0,420.0,1943.0,1942.0,0.6684931506849315,0.33150684931506846
70,2015.0,401.0,1944.0,1943.0,0.6684931506849315,0.33150684931506846
70,2016.0,389.0,1945.0,1944.0,0.6684931506849315,0.33150684931506846
70,2017.0,435.0,1946.0,1945.0,0.6693989071038251,0.3306010928961749
70,2018.0,536.0,1947.0,1946.0,0.6684931506849315,0.33150684931506846
70,2009.5,308.0,1939.0,1938.0,0.3315068493150685,0.6684931506849314
71,2008.0,352.0,1937.0,1936.0,0.00273224043715847,0.9972677595628415
71,2009.0,350.0,1937.0,1936.0,0.9180327868852459,0.08196721311475408
71,2010.0,306.0,1938.0,1937.0,0.9178082191780822,0.0821917808219178
71,2011.0,349.0,1940.0,1939.0,0.0027397260273972603,0.9972602739726028
71,2012.0,328.0,1940.0,1939.0,0.6684931506849315,0.33150684931506846
71,2013.0,358.0,1941.0,1940.0,0.6693989071038251,0.3306010928961749
71,2014.0,379.0,1942.0,1941.0,0.6684931506849315,0.33150684931506846
71,2015.0,411.0,1943.0,1942.0,0.6684931506849315,0.33150684931506846
71,2016.0,392.0,1944.0,1943.0,0.6684931506849315,0.33150684931506846
71,2017.0,381.0,1945.0,1944.0,0.6693989071038251,0.3306010928961749
71,2018.0,431.0,1946.0,1945.0,0.6684931506849315,0.33150684931506846
71,2009.5,350.0,1938.0,1937.0,0.3315068493150685,0.6684931506849314
72,2008.0,326.0,1936.0,1935.0,0.00273224043715847,0.9972677595628415
72,2009.0,333.0,1936.0,1935.0,0.9180327868852459,0.08196721311475408
72,2010.0,347.0,1937.0,1936.0,0.9178082191780822,0.0821917808219178
72,2011.0,307.0,1939.0,1938.0,0.0027397260273972603,0.9972602739726028
72,2012.0,350.0,1939.0,1938.0,0.6684931506849315,0.33150684931506846
72,2013.0,324.0,1940.0,1939.0,0.6693989071038251,0.3306010928961749
72,2014.0,338.0,1941.0,1940.0,0.6684931506849315,0.33150684931506846
72,2015.0,377.0,1942.0,1941.0,0.6684931506849315,0.33150684931506846
72,2016.0,406.0,1943.0,1942.0,0.6684931506849315,0.33150684931506846
72,2017.0,387.0,1944.0,1943.0,0.6693989071038251,0.3306010928961749
72,2018.0,383.0,1945.0,1944.0,0.6684931506849315,0.33150684931506846
72,2009.5,333.0,1937.0,1936.0,0.3315068493150685,0.6684931506849314
73,2008.0,279.0,1935.0,1934.0,0.00273224043715847,0.9972677595628415
73,2009.0,323.0,1935.0,1934.0,0.9180327868852459,0.08196721311475408
73,2010.0,333.0,1936.0,1935.0,0.9178082191780822,0.0821917808219178
73,2011.0,335.0,1938.0,1937.0,0.0027397260273972603,0.9972602739726028
73,2012.0,303.0,1938.0,1937.0,0.6684931506849315,0.33150684931506846
73,2013.0,347.0,1939.0,1938.0,0.6693989071038251,0.3306010928961749
73,2014.0,307.0,1940.0,1939.0,0.6684931506849315,0.33150684931506846
73,2015.0,338.0,1941.0,1940.0,0.6684931506849315,0.33150684931506846
73,2016.0,369.0,1942.0,1941.0,0.6684931506849315,0.33150684931506846
73,2017.0,405.0,1943.0,1942.0,0.6693989071038251,0.3306010928961749
73,2018.0,377.0,1944.0,1943.0,0.6684931506849315,0.33150684931506846
73,2009.5,323.0,1936.0,1935.0,0.3315068493150685,0.6684931506849314
74,2008.0,301.0,1934.0,1933.0,0.00273224043715847,0.9972677595628415
74,2009.0,274.0,1934.0,1933.0,0.9180327868852459,0.08196721311475408
74,2010.0,328.0,1935.0,1934.0,0.9178082191780822,0.0821917808219178
74,2011.0,328.0,1937.0,1936.0,0.0027397260273972603,0.9972602739726028
74,2012.0,333.0,1937.0,1936.0,0.6684931506849315,0.33150684931506846
74,2013.0,303.0,1938.0,1937.0,0.6693989071038251,0.3306010928961749
74,2014.0,341.0,1939.0,1938.0,0.6684931506849315,0.33150684931506846
74,2015.0,306.0,1940.0,1939.0,0.6684931506849315,0.33150684931506846
74,2016.0,337.0,1941.0,1940.0,0.6684931506849315,0.33150684931506846
74,2017.0,364.0,1942.0,1941.0,0.6693989071038251,0.3306010928961749
74,2018.0,404.0,1943.0,1942.0,0.6684931506849315,0.33150684931506846
74,2009.5,274.0,1935.0,1934.0,0.3315068493150685,0.6684931506849314
75,2008.0,313.0,1933.0,1932.0,0.00273224043715847,0.9972677595628415
75,2009.0,284.0,1933.0,1932.0,0.9180327868852459,0.08196721311475408
75,2010.0,269.0,1934.0,1933.0,0.9178082191780822,0.0821917808219178
75,2011.0,319.0,1936.0,1935.0,0.0027397260273972603,0.9972602739726028
75,2012.0,311.0,1936.0,1935.0,0.6684931506849315,0.33150684931506846
75,2013.0,340.0,1937.0,1936.0,0.6693989071038251,0.3306010928961749
75,2014.0,293.0,1938.0,1937.0,0.6684931506849315,0.33150684931506846
75,2015.0,330.0,1939.0,1938.0,0.6684931506849315,0.33150684931506846
75,2016.0,299.0,1940.0,1939.0,0.6684931506849315,0.33150684931506846
75,2017.0,336.0,1941.0,1940.0,0.6693989071038251,0.3306010928961749
75,2018.0,357.0,1942.0,1941.0,0.6684931506849315,0.33150684931506846
75,2009.5,284.0,1934.0,1933.0,0.3315068493150685,0.6684931506849314
76,2008.0,307.0,1932.0,1931.0,0.00273224043715847,0.9972677595628415
76,2009.0,298.0,1932.0,1931.0,0.9180327868852459,0.08196721311475408
76,2010.0,282.0,1933.0,1932.0,0.9178082191780822,0.0821917808219178
76,2011.0,257.0,1935.0,1934.0,0.0027397260273972603,0.9972602739726028
76,2012.0,306.0,1935.0,1934.0,0.6684931506849315,0.33150684931506846
76,2013.0,313.0,1936.0,1935.0,0.6693989071038251,0.3306010928961749
76,2014.0,331.0,1937.0,1936.0,0.6684931506849315,0.33150684931506846
76,2015.0,287.0,1938.0,1937.0,0.6684931506849315,0.33150684931506846
76,2016.0,325.0,1939.0,1938.0,0.6684931506849315,0.33150684931506846
76,2017.0,296.0,1940.0,1939.0,0.6693989071038251,0.3306010928961749
76,2018.0,319.0,1941.0,1940.0,0.6684931506849315,0.33150684931506846
76,2009.5,298.0,1933.0,1932.0,0.3315068493150685,0.6684931506849314
77,2008.0,288.0,1931.0,1930.0,0.00273224043715847,0.9972677595628415
77,2009.0,306.0,1931.0,1930.0,0.9180327868852459,0.08196721311475408
77,2010.0,289.0,1932.0,1931.0,0.9178082191780822,0.0821917808219178
77,2011.0,276.0,1934.0,1933.0,0.0027397260273972603,0.9972602739726028
77,2012.0,255.0,1934.0,1933.0,0.6684931506849315,0.33150684931506846
77,2013.0,307.0,1935.0,1934.0,0.6693989071038251,0.3306010928961749
77,2014.0,309.0,1936.0,1935.0,0.6684931506849315,0.33150684931506846
77,2015.0,316.0,1937.0,1936.0,0.6684931506849315,0.33150684931506846
77,2016.0,288.0,1938.0,1937.0,0.6684931506849315,0.33150684931506846
77,2017.0,310.0,1939.0,1938.0,0.6693989071038251,0.3306010928961749
77,2018.0,283.0,1940.0,1939.0,0.6684931506849315,0.33150684931506846
77,2009.5,306.0,1932.0,1931.0,0.3315068493150685,0.6684931506849314
78,2008.0,291.0,1930.0,1929.0,0.00273224043715847,0.9972677595628415
78,2009.0,278.0,1930.0,1929.0,0.9180327868852459,0.08196721311475408
78,2010.0,297.0,1931.0,1930.0,0.9178082191780822,0.0821917808219178
78,2011.0,288.0,1933.0,1932.0,0.0027397260273972603,0.9972602739726028
78,2012.0,261.0,1933.0,1932.0,0.6684931506849315,0.33150684931506846
78,2013.0,250.0,1934.0,1933.0,0.6693989071038251,0.3306010928961749
78,2014.0,293.0,1935.0,1934.0,0.6684931506849315,0.33150684931506846
78,2015.0,293.0,1936.0,1935.0,0.6684931506849315,0.33150684931506846
78,2016.0,313.0,1937.0,1936.0,0.6684931506849315,0.33150684931506846
78,2017.0,287.0,1938.0,1937.0,0.6693989071038251,0.3306010928961749
78,2018.0,300.0,1939.0,1938.0,0.6684931506849315,0.33150684931506846
78,2009.5,278.0,1931.0,1930.0,0.3315068493150685,0.6684931506849314
79,2008.0,276.0,1929.0,1928.0,0.00273224043715847,0.9972677595628415
79,2009.0,282.0,1929.0,1928.0,0.9180327868852459,0.08196721311475408
79,2010.0,263.0,1930.0,1929.0,0.9178082191780822,0.0821917808219178
79,2011.0,288.0,1932.0,1931.0,0.0027397260273972603,0.9972602739726028
79,2012.0,278.0,1932.0,1931.0,0.6684931506849315,0.33150684931506846
79,2013.0,268.0,1933.0,1932.0,0.6693989071038251,0.3306010928961749
79,2014.0,239.0,1934.0,1933.0,0.6684931506849315,0.33150684931506846
79,2015.0,282.0,1935.0,1934.0,0.6684931506849315,0.33150684931506846
79,2016.0,285.0,1936.0,1935.0,0.6684931506849315,0.33150684931506846
79,2017.0,306.0,1937.0,1936.0,0.6693989071038251,0.3306010928961749
79,2018.0,274.0,1938.0,1937.0,0.6684931506849315,0.33150684931506846
79,2009.5,282.0,1930.0,1929.0,0.3315068493150685,0.6684931506849314
80,2008.0,254.0,1928.0,1927.0,0.00273224043715847,0.9972677595628415
80,2009.0,255.0,1928.0,1927.0,0.9180327868852459,0.08196721311475408
80,2010.0,265.0,1929.0,1928.0,0.9178082191780822,0.0821917808219178
80,2011.0,240.0,1931.0,1930.0,0.0027397260273972603,0.9972602739726028
80,2012.0,278.0,1931.0,1930.0,0.6684931506849315,0.33150684931506846
80,2013.0,279.0,1932.0,1931.0,0.6693989071038251,0.3306010928961749
80,2014.0,259.0,1933.0,1932.0,0.6684931506849315,0.33150684931506846
80,2015.0,230.0,1934.0,1933.0,0.6684931506849315,0.33150684931506846
80,2016.0,270.0,1935.0,1934.0,0.6684931506849315,0.33150684931506846
80,2017.0,270.0,1936.0,1935.0,0.6693989071038251,0.3306010928961749
80,2018.0,290.0,1937.0,1936.0,0.6684931506849315,0.33150684931506846
80,2009.5,255.0,1929.0,1928.0,0.3315068493150685,0.6684931506849314
81,2008.0,270.0,1927.0,1926.0,0.00273224043715847,0.9972677595628415
81,2009.0,239.0,1927.0,1926.0,0.9180327868852459,0.08196721311475408
81,2010.0,245.0,1928.0,1927.0,0.9178082191780822,0.0821917808219178
81,2011.0,243.0,1930.0,1929.0,0.0027397260273972603,0.9972602739726028
81,2012.0,235.0,1930.0,1929.0,0.6684931506849315,0.33150684931506846
81,2013.0,268.0,1931.0,1930.0,0.6693989071038251,0.3306010928961749
81,2014.0,260.0,1932.0,1931.0,0.6684931506849315,0.33150684931506846
81,2015.0,247.0,1933.0,1932.0,0.6684931506849315,0.33150684931506846
81,2016.0,222.0,1934.0,1933.0,0.6684931506849315,0.33150684931506846
81,2017.0,257.0,1935.0,1934.0,0.6693989071038251,0.3306010928961749
81,2018.0,262.0,1936.0,1935.0,0.6684931506849315,0.33150684931506846
81,2009.5,239.0,1928.0,1927.0,0.3315068493150685,0.6684931506849314
82,2008.0,235.0,1926.0,1925.0,0.00273224043715847,0.9972677595628415
82,2009.0,250.0,1926.0,1925.0,0.9180327868852459,0.08196721311475408
82,2010.0,238.0,1927.0,1926.0,0.9178082191780822,0.0821917808219178
82,2011.0,225.0,1929.0,1928.0,0.0027397260273972603,0.9972602739726028
82,2012.0,228.0,1929.0,1928.0,0.6684931506849315,0.33150684931506846
82,2013.0,236.0,1930.0,1929.0,0.6693989071038251,0.3306010928961749
82,2014.0,258.0,1931.0,1930.0,0.6684931506849315,0.33150684931506846
82,2015.0,244.0,1932.0,1931.0,0.6684931506849315,0.33150684931506846
82,2016.0,234.0,1933.0,1932.0,0.6684931506849315,0.33150684931506846
82,2017.0,213.0,1934.0,1933.0,0.6693989071038251,0.3306010928961749
82,2018.0,241.0,1935.0,1934.0,0.6684931506849315,0.33150684931506846
82,2009.5,250.0,1927.0,1926.0,0.3315068493150685,0.6684931506849314
83,2008.0,205.0,1925.0,1924.0,0.00273224043715847,0.9972677595628415
83,2009.0,213.0,1925.0,1924.0,0.9180327868852459,0.08196721311475408
83,2010.0,239.0,1926.0,1925.0,0.9178082191780822,0.0821917808219178
83,2011.0,230.0,1928.0,1927.0,0.0027397260273972603,0.9972602739726028
83,2012.0,212.0,1928.0,1927.0,0.6684931506849315,0.33150684931506846
83,2013.0,217.0,1929.0,1928.0,0.6693989071038251,0.3306010928961749
83,2014.0,226.0,1930.0,1929.0,0.6684931506849315,0.33150684931506846
83,2015.0,246.0,1931.0,1930.0,0.6684931506849315,0.33150684931506846
83,2016.0,230.0,1932.0,1931.0,0.6684931506849315,0.33150684931506846
83,2017.0,217.0,1933.0,1932.0,0.6693989071038251,0.3306010928961749
83,2018.0,203.0,1934.0,1933.0,0.6684931506849315,0.33150684931506846
83,2009.5,213.0,1926.0,1925.0,0.3315068493150685,0.6684931506849314
84,2008.0,193.0,1924.0,1923.0,0.00273224043715847,0.9972677595628415
84,2009.0,193.0,1924.0,1923.0,0.9180327868852459,0.08196721311475408
84,2010.0,208.0,1925.0,1924.0,0.9178082191780822,0.0821917808219178
84,2011.0,210.0,1927.0,1926.0,0.0027397260273972603,0.9972602739726028
84,2012.0,211.0,1927.0,1926.0,0.6684931506849315,0.33150684931506846
84,2013.0,206.0,1928.0,1927.0,0.6693989071038251,0.3306010928961749
84,2014.0,191.0,1929.0,1928.0,0.6684931506849315,0.33150684931506846
84,2015.0,213.0,1930.0,1929.0,0.6684931506849315,0.33150684931506846
84,2016.0,231.0,1931.0,1930.0,0.6684931506849315,0.33150684931506846
84,2017.0,212.0,1932.0,1931.0,0.6693989071038251,0.3306010928961749
84,2018.0,217.0,1933.0,1932.0,0.6684931506849315,0.33150684931506846
84,2009.5,193.0,1925.0,1924.0,0.3315068493150685,0.6684931506849314
85,2008.0,211.0,1923.0,1922.0,0.00273224043715847,0.9972677595628415
85,2009.0,171.0,1923.0,1922.0,0.9180327868852459,0.08196721311475408
85,2010.0,179.0,1924.0,1923.0,0.9178082191780822,0.0821917808219178
85,2011.0,176.0,1926.0,1925.0,0.0027397260273972603,0.9972602739726028
85,2012.0,202.0,1926.0,1925.0,0.6684931506849315,0.33150684931506846
85,2013.0,202.0,1927.0,1926.0,0.6693989071038251,0.3306010928961749
85,2014.0,185.0,1928.0,1927.0,0.6684931506849315,0.33150684931506846
85,2015.0,191.0,1929.0,1928.0,0.6684931506849315,0.33150684931506846
85,2016.0,197.0,1930.0,1929.0,0.6684931506849315,0.33150684931506846
85,2017.0,214.0,1931.0,1930.0,0.6693989071038251,0.3306010928961749
85,2018.0,202.0,1932.0,1931.0,0.6684931506849315,0.33150684931506846
85,2009.5,171.0,1924.0,1923.0,0.3315068493150685,0.6684931506849314
86,2008.0,172.0,1922.0,1921.0,0.00273224043715847,0.9972677595628415
86,2009.0,191.0,1922.0,1921.0,0.9180327868852459,0.08196721311475408
86,2010.0,165.0,1923.0,1922.0,0.9178082191780822,0.0821917808219178
86,2011.0,153.0,1925.0,1924.0,0.0027397260273972603,0.9972602739726028
86,2012.0,168.0,1925.0,1924.0,0.6684931506849315,0.33150684931506846
86,2013.0,193.0,1926.0,1925.0,0.6693989071038251,0.3306010928961749
86,2014.0,196.0,1927.0,1926.0,0.6684931506849315,0.33150684931506846
86,2015.0,167.0,1928.0,1927.0,0.6684931506849315,0.33150684931506846
86,2016.0,168.0,1929.0,1928.0,0.6684931506849315,0.33150684931506846
86,2017.0,174.0,1930.0,1929.0,0.6693989071038251,0.3306010928961749
86,2018.0,192.0,1931.0,1930.0,0.6684931506849315,0.33150684931506846
86,2009.5,191.0,1923.0,1922.0,0.3315068493150685,0.6684931506849314
87,2008.0,166.0,1921.0,1920.0,0.00273224043715847,0.9972677595628415
87,2009.0,148.0,1921.0,1920.0,0.9180327868852459,0.08196721311475408
87,2010.0,173.0,1922.0,1921.0,0.9178082191780822,0.0821917808219178
87,2011.0,139.0,1924.0,1923.0,0.0027397260273972603,0.9972602739726028
87,2012.0,156.0,1924.0,1923.0,0.6684931506849315,0.33150684931506846
87,2013.0,164.0,1925.0,1924.0,0.6693989071038251,0.3306010928961749
87,2014.0,170.0,1926.0,1925.0,0.6684931506849315,0.33150684931506846
87,2015.0,189.0,1927.0,1926.0,0.6684931506849315,0.33150684931506846
87,2016.0,150.0,1928.0,1927.0,0.6684931506849315,0.33150684931506846
87,2017.0,148.0,1929.0,1928.0,0.6693989071038251,0.3306010928961749
87,2018.0,152.0,1930.0,1929.0,0.6684931506849315,0.33150684931506846
87,2009.5,148.0,1922.0,1921.0,0.3315068493150685,0.6684931506849314
88,2008.0,133.0,1920.0,1919.0,0.00273224043715847,0.9972677595628415
88,2009.0,144.0,1920.0,1919.0,0.9180327868852459,0.08196721311475408
88,2010.0,132.0,1921.0,1920.0,0.9178082191780822,0.0821917808219178
88,2011.0,146.0,1923.0,1922.0,0.0027397260273972603,0.9972602739726028
88,2012.0,136.0,1923.0,1922.0,0.6684931506849315,0.33150684931506846
88,2013.0,134.0,1924.0,1923.0,0.6693989071038251,0.3306010928961749
88,2014.0,153.0,1925.0,1924.0,0.6684931506849315,0.33150684931506846
88,2015.0,156.0,1926.0,1925.0,0.6684931506849315,0.33150684931506846
88,2016.0,170.0,1927.0,1926.0,0.6684931506849315,0.33150684931506846
88,2017.0,122.0,1928.0,1927.0,0.6693989071038251,0.3306010928961749
88,2018.0,130.0,1929.0,1928.0,0.6684931506849315,0.33150684931506846
88,2009.5,144.0,1921.0,1920.0,0.3315068493150685,0.6684931506849314
89,2008.0,114.0,1919.0,1918.0,0.00273224043715847,0.9972677595628415
89,2009.0,114.0,1919.0,1918.0,0.9180327868852459,0.08196721311475408
89,2010.0,137.0,1920.0,1919.0,0.9178082191780822,0.0821917808219178
89,2011.0,116.0,1922.0,1921.0,0.0027397260273972603,0.9972602739726028
89,2012.0,136.0,1922.0,1921.0,0.6684931506849315,0.33150684931506846
89,2013.0,126.0,1923.0,1922.0,0.6693989071038251,0.3306010928961749
89,2014.0,111.0,1924.0,1923.0,0.6684931506849315,0.33150684931506846
89,2015.0,136.0,1925.0,1924.0,0.6684931506849315,0.33150684931506846
89,2016.0,149.0,1926.0,1925.0,0.6684931506849315,0.33150684931506846
89,2017.0,149.0,1927.0,1926.0,0.6693989071038251,0.3306010928961749
89,2018.0,110.0,1928.0,1927.0,0.6684931506849315,0.33150684931506846
89,2009.5,114.0,1920.0,1919.0,0.3315068493150685,0.6684931506849314
90,2008.0,96.0,1918.0,1917.0,0.00273224043715847,0.9972677595628415
90,2009.0,100.0,1918.0,1917.0,0.9180327868852459,0.08196721311475408
90,2010.0,104.0,1919.0,1918.0,0.9178082191780822,0.0821917808219178
90,2011.0,89.0,1921.0,1920.0,0.0027397260273972603,0.9972602739726028
90,2012.0,113.0,1921.0,1920.0,0.6684931506849315,0.33150684931506846
90,2013.0,126.0,1922.0,1921.0,0.6693989071038251,0.3306010928961749
90,2014.0,122.0,1923.0,1922.0,0.6684931506849315,0.33150684931506846
90,2015.0,119.0,1924.0,1923.0,0.6684931506849315,0.33150684931506846
90,2016.0,124.0,1925.0,1924.0,0.6684931506849315,0.33150684931506846
90,2017.0,126.0,1926.0,1925.0,0.6693989071038251,0.3306010928961749
90,2018.0,129.0,1927.0,1926.0,0.6684931506849315,0.33150684931506846
90,2009.5,100.0,1919.0,1918.0,0.3315068493150685,0.6684931506849314
91,2008.0,75.0,1917.0,1916.0,0.00273224043715847,0.9972677595628415
91,2009.0,78.0,1917.0,1916.0,0.9180327868852459,0.08196721311475408
91,2010.0,82.0,1918.0,1917.0,0.9178082191780822,0.0821917808219178
91,2011.0,69.0,1920.0,1919.0,0.0027397260273972603,0.9972602739726028
91,2012.0,88.0,1920.0,1919.0,0.6684931506849315,0.33150684931506846
91,2013.0,99.0,1921.0,1920.0,0.6693989071038251,0.3306010928961749
91,2014.0,95.0,1922.0,1921.0,0.6684931506849315,0.33150684931506846
91,2015.0,93.0,1923.0,1922.0,0.6684931506849315,0.33150684931506846
91,2016.0,97.0,1924.0,1923.0,0.6684931506849315,0.33150684931506846
91,2017.0,98.0,1925.0,1924.0,0.6693989071038251,0.3306010928961749
91,2018.0,101.0,1926.0,1925.0,0.6684931506849315,0.33150684931506846
91,2009.5,78.0,1918.0,1917.0,0.3315068493150685,0.6684931506849314
92,2008.0,59.0,1916.0,1915.0,0.00273224043715847,0.9972677595628415
92,2009.0,61.0,1916.0,1915.0,0.9180327868852459,0.08196721311475408
92,2010.0,64.0,1917.0,1916.0,0.9178082191780822,0.0821917808219178
92,2011.0,54.0,1919.0,1918.0,0.0027397260273972603,0.9972602739726028
92,2012.0,69.0,1919.0,1918.0,0.6684931506849315,0.33150684931506846
92,2013.0,77.0,1920.0,1919.0,0.6693989071038251,0.3306010928961749
92,2014.0,74.0,1921.0,1920.0,0.6684931506849315,0.33150684931506846
92,2015.0,73.0,1922.0,1921.0,0.6684931506849315,0.33150684931506846
92,2016.0,76.0,1923.0,1922.0,0.6684931506849315,0.33150684931506846
92,2017.0,77.0,1924.0,1923.0,0.6693989071038251,0.3306010928961749
92,2018.0,79.0,1925.0,1924.0,0.6684931506849315,0.33150684931506846
92,2009.5,61.0,1917.0,1916.0,0.3315068493150685,0.6684931506849314
93,2008.0,46.0,1915.0,1914.0,0.00273224043715847,0.9972677595628415
93,2009.0,48.0,1915.0,1914.0,0.9180327868852459,0.08196721311475408
93,2010.0,50.0,1916.0,1915.0,0.9178082191780822,0.0821917808219178
93,2011.0,42.0,1918.0,1917.0,0.0027397260273972603,0.9972602739726028
93,2012.0,54.0,1918.0,1917.0,0.6684931506849315,0.33150684931506846
93,2013.0,60.0,1919.0,1918.0,0.6693989071038251,0.3306010928961749
93,2014.0,58.0,1920.0,1919.0,0.6684931506849315,0.33150684931506846
93,2015.0,57.0,1921.0,1920.0,0.6684931506849315,0.33150684931506846
93,2016.0,59.0,1922.0,1921.0,0.6684931506849315,0.33150684931506846
93,2017.0,60.0,1923.0,1922.0,0.6693989071038251,0.3306010928961749
93,2018.0,61.0,1924.0,1923.0,0.6684931506849315,0.33150684931506846
93,2009.5,48.0,1916.0,1915.0,0.3315068493150685,0.6684931506849314
94,2008.0,36.0,1914.0,1913.0,0.00273224043715847,0.9972677595628415
94,2009.0,37.0,1914.0,1913.0,0.9180327868852459,0.08196721311475408
94,2010.0,39.0,1915.0,1914.0,0.9178082191780822,0.0821917808219178
94,2011.0,33.0,1917.0,1916.0,0.0027397260273972603,0.9972602739726028
94,2012.0,42.0,1917.0,1916.0,0.6684931506849315,0.33150684931506846
94,2013.0,47.0,1918.0,1917.0,0.6693989071038251,0.3306010928961749
94,2014.0,45.0,1919.0,1918.0,0.6684931506849315,0.33150684931506846
94,2015.0,44.0,1920.0,1919.0,0.6684931506849315,0.33150684931506846
94,2016.0,46.0,1921.0,1920.0,0.6684931506849315,0.33150684931506846
94,2017.0,47.0,1922.0,1921.0,0.6693989071038251,0.3306010928961749
94,2018.0,48.0,1923.0,1922.0,0.6684931506849315,0.33150684931506846
94,2009.5,37.0,1915.0,1914.0,0.3315068493150685,0.6684931506849314
95,2008.0,28.0,1913.0,1912.0,0.00273224043715847,0.9972677595628415
95,2009.0,29.0,1913.0,1912.0,0.9180327868852459,0.08196721311475408
95,2010.0,30.0,1914.0,1913.0,0.9178082191780822,0.0821917808219178
95,2011.0,26.0,1916.0,1915.0,0.0027397260273972603,0.9972602739726028
95,2012.0,33.0,1916.0,1915.0,0.6684931506849315,0.33150684931506846
95,2013.0,37.0,1917.0,1916.0,0.6693989071038251,0.3306010928961749
95,2014.0,35.0,1918.0,1917.0,0.6684931506849315,0.33150684931506846
95,2015.0,35.0,1919.0,1918.0,0.6684931506849315,0.33150684931506846
95,2016.0,36.0,1920.0,1919.0,0.6684931506849315,0.33150684931506846
95,2017.0,37.0,1921.0,1920.0,0.6693989071038251,0.3306010928961749
95,2018.0,37.0,1922.0,1921.0,0.6684931506849315,0.33150684931506846
95,2009.5,29.0,1914.0,1913.0,0.3315068493150685,0.6684931506849314
96,2008.0,22.0,1912.0,1911.0,0.00273224043715847,0.9972677595628415
96,2009.0,23.0,1912.0,1911.0,0.9180327868852459,0.08196721311475408
96,2010.0,24.0,1913.0,1912.0,0.9178082191780822,0.0821917808219178
96,2011.0,20.0,1915.0,1914.0,0.0027397260273972603,0.9972602739726028
96,2012.0,26.0,1915.0,1914.0,0.6684931506849315,0.33150684931506846
96,2013.0,29.0,1916.0,1915.0,0.6693989071038251,0.3306010928961749
96,2014.0,28.0,1917.0,1916.0,0.6684931506849315,0.33150684931506846
96,2015.0,27.0,1918.0,1917.0,0.6684931506849315,0.33150684931506846
96,2016.0,28.0,1919.0,1918.0,0.6684931506849315,0.33150684931506846
96,2017.0,29.0,1920.0,1919.0,0.6693989071038251,0.3306010928961749
96,2018.0,29.0,1921.0,1920.0,0.6684931506849315,0.33150684931506846
96,2009.5,23.0,1913.0,1912.0,0.3315068493150685,0.6684931506849314
97,2008.0,17.0,1911.0,1910.0,0.00273224043715847,0.9972677595628415
97,2009.0,18.0,1911.0,1910.0,0.9180327868852459,0.08196721311475408
97,2010.0,18.0,1912.0,1911.0,0.9178082191780822,0.0821917808219178
97,2011.0,16.0,1914.0,1913.0,0.0027397260273972603,0.9972602739726028
97,2012.0,20.0,1914.0,1913.0,0.6684931506849315,0.33150684931506846
97,2013.0,22.0,1915.0,1914.0,0.6693989071038251,0.3306010928961749
97,2014.0,22.0,1916.0,1915.0,0.6684931506849315,0.33150684931506846
97,2015.0,21.0,1917.0,1916.0,0.6684931506849315,0.33150684931506846
97,2016.0,22.0,1918.0,1917.0,0.6684931506849315,0.33150684931506846
97,2017.0,22.0,1919.0,1918.0,0.6693989071038251,0.3306010928961749
97,2018.0,23.0,1920.0,1919.0,0.6684931506849315,0.33150684931506846
97,2009.5,18.0,1912.0,1911.0,0.3315068493150685,0.6684931506849314
98,2008.0,13.0,1910.0,1909.0,0.00273224043715847,0.9972677595628415
98,2009.0,14.0,1910.0,1909.0,0.9180327868852459,0.08196721311475408
98,2010.0,14.0,1911.0,1910.0,0.9178082191780822,0.0821917808219178
98,2011.0,12.0,1913.0,1912.0,0.0027397260273972603,0.9972602739726028
98,2012.0,15.0,1913.0,1912.0,0.6684931506849315,0.33150684931506846
98,2013.0,17.0,1914.0,1913.0,0.6693989071038251,0.3306010928961749
98,2014.0,17.0,1915.0,1914.0,0.6684931506849315,0.33150684931506846
98,2015.0,16.0,1916.0,1915.0,0.6684931506849315,0.33150684931506846
98,2016.0,17.0,1917.0,1916.0,0.6684931506849315,0.33150684931506846
98,2017.0,17.0,1918.0,1917.0,0.6693989071038251,0.3306010928961749
98,2018.0,18.0,1919.0,1918.0,0.6684931506849315,0.33150684931506846
98,2009.5,14.0,1911.0,1910.0,0.3315068493150685,0.6684931506849314
99,2008.0,10.0,1909.0,1908.0,0.00273224043715847,0.9972677595628415
99,2009.0,11.0,1909.0,1908.0,0.9180327868852459,0.08196721311475408
99,2010.0,11.0,1910.0,1909.0,0.9178082191780822,0.0821917808219178
99,2011.0,9.0,1912.0,1911.0,0.0027397260273972603,0.9972602739726028
99,2012.0,12.0,1912.0,1911.0,0.6684931506849315,0.33150684931506846
99,2013.0,13.0,1913.0,1912.0,0.6693989071038251,0.3306010928961749
99,2014.0,13.0,1914.0,1913.0,0.6684931506849315,0.33150684931506846
99,2015.0,13.0,1915.0,1914.0,0.6684931506849315,0.33150684931506846
99,2016.0,13.0,1916.0,1915.0,0.6684931506849315,0.33150684931506846
99,2017.0,13.0,1917.0,1916.0,0.6693989071038251,0.3306010928961749
99,2018.0,14.0,1918.0,1917.0,0.6684931506849315,0.33150684931506846
99,2009.5,11.0,1910.0,1909.0,0.3315068493150685,0.6684931506849314
100,2008.0,8.0,1908.0,1907.0,0.00273224043715847,0.9972677595628415
100,2009.0,8.0,1908.0,1907.0,0.9180327868852459,0.08196721311475408
100,2010.0,9.0,1909.0,1908.0,0.9178082191780822,0.0821917808219178
100,2011.0,7.0,1911.0,1910.0,0.0027397260273972603,0.9972602739726028
100,2012.0,9.0,1911.0,1910.0,0.6684931506849315,0.33150684931506846
100,2013.0,10.0,1912.0,1911.0,0.6693989071038251,0.3306010928961749
100,2014.0,10.0,1913.0,1912.0,0.6684931506849315,0.33150684931506846
100,2015.0,10.0,1914.0,1913.0,0.6684931506849315,0.33150684931506846
100,2016.0,10.0,1915.0,1914.0,0.6684931506849315,0.33150684931506846
100,2017.0,10.0,1916.0,1915.0,0.6693989071038251,0.3306010928961749
100,2018.0,11.0,1917.0,1916.0,0.6684931506849315,0.33150684931506846
100,2009.5,8.0,1909.0,1908.0,0.3315068493150685,0.6684931506849314
101,2008.0,6.0,1907.0,1906.0,0.00273224043715847,0.9972677595628415
101,2009.0,6.0,1907.0,1906.0,0.9180327868852459,0.08196721311475408
101,2010.0,7.0,1908.0,1907.0,0.9178082191780822,0.0821917808219178
101,2011.0,6.0,1910.0,1909.0,0.0027397260273972603,0.9972602739726028
101,2012.0,7.0,1910.0,1909.0,0.6684931506849315,0.33150684931506846
101,2013.0,8.0,1911.0,1910.0,0.6693989071038251,0.3306010928961749
101,2014.0,8.0,1912.0,1911.0,0.6684931506849315,0.33150684931506846
101,2015.0,8.0,1913.0,1912.0,0.6684931506849315,0.33150684931506846
101,2016.0,8.0,1914.0,1913.0,0.6684931506849315,0.33150684931506846
101,2017.0,8.0,1915.0,1914.0,0.6693989071038251,0.3306010928961749
101,2018.0,8.0,1916.0,1915.0,0.6684931506849315,0.33150684931506846
101,2009.5,6.0,1908.0,1907.0,0.3315068493150685,0.6684931506849314
102,2008.0,5.0,1906.0,1905.0,0.00273224043715847,0.9972677595628415
102,2009.0,5.0,1906.0,1905.0,0.9180327868852459,0.08196721311475408
102,2010.0,5.0,1907.0,1906.0,0.9178082191780822,0.0821917808219178
102,2011.0,4.0,1909.0,1908.0,0.0027397260273972603,0.9972602739726028
102,2012.0,6.0,1909.0,1908.0,0.6684931506849315,0.33150684931506846
102,2013.0,6.0,1910.0,1909.0,0.6693989071038251,0.3306010928961749
102,2014.0,6.0,1911.0,1910.0,0.6684931506849315,0.33150684931506846
102,2015.0,6.0,1912.0,1911.0,0.6684931506849315,0.33150684931506846
102,2016.0,6.0,1913.0,1912.0,0.6684931506849315,0.33150684931506846
102,2017.0,6.0,1914.0,1913.0,0.6693989071038251,0.3306010928961749
102,2018.0,6.0,1915.0,1914.0,0.6684931506849315,0.33150684931506846
102,2009.5,5.0,1907.0,1906.0,0.3315068493150685,0.6684931506849314
103,2008.0,3.0,1905.0,1904.0,0.00273224043715847,0.9972677595628415
103,2009.0,4.0,1905.0,1904.0,0.9180327868852459,0.08196721311475408
103,2010.0,4.0,1906.0,1905.0,0.9178082191780822,0.0821917808219178
103,2011.0,3.0,1908.0,1907.0,0.0027397260273972603,0.9972602739726028
103,2012.0,4.0,1908.0,1907.0,0.6684931506849315,0.33150684931506846
103,2013.0,5.0,1909.0,1908.0,0.6693989071038251,0.3306010928961749
103,2014.0,5.0,1910.0,1909.0,0.6684931506849315,0.33150684931506846
103,2015.0,4.0,1911.0,1910.0,0.6684931506849315,0.33150684931506846
103,2016.0,5.0,1912.0,1911.0,0.6684931506849315,0.33150684931506846
103,2017.0,5.0,1913.0,1912.0,0.6693989071038251,0.3306010928961749
103,2018.0,5.0,1914.0,1913.0,0.6684931506849315,0.33150684931506846
103,2009.5,4.0,1906.0,1905.0,0.3315068493150685,0.6684931506849314
104,2008.0,3.0,1904.0,1903.0,0.00273224043715847,0.9972677595628415
104,2009.0,3.0,1904.0,1903.0,0.9180327868852459,0.08196721311475408
104,2010.0,3.0,1905.0,1904.0,0.9178082191780822,0.0821917808219178
104,2011.0,2.0,1907.0,1906.0,0.0027397260273972603,0.9972602739726028
104,2012.0,3.0,1907.0,1906.0,0.6684931506849315,0.33150684931506846
104,2013.0,4.0,1908.0,1907.0,0.6693989071038251,0.3306010928961749
104,2014.0,3.0,1909.0,1908.0,0.6684931506849315,0.33150684931506846
104,2015.0,3.0,1910.0,1909.0,0.6684931506849315,0.33150684931506846
104,2016.0,4.0,1911.0,1910.0,0.6684931506849315,0.33150684931506846
104,2017.0,4.0,1912.0,1911.0,0.6693989071038251,0.3306010928961749
104,2018.0,4.0,1913.0,1912.0,0.6684931506849315,0.33150684931506846
104,2009.5,3.0,1905.0,1904.0,0.3315068493150685,0.6684931506849314
105,2008.0,2.0,1903.0,1902.0,0.00273224043715847,0.9972677595628415
105,2009.0,2.0,1903.0,1902.0,0.9180327868852459,0.08196721311475408
105,2010.0,2.0,1904.0,1903.0,0.9178082191780822,0.0821917808219178
105,2011.0,2.0,1906.0,1905.0,0.0027397260273972603,0.9972602739726028
105,2012.0,2.0,1906.0,1905.0,0.6684931506849315,0.33150684931506846
105,2013.0,3.0,1907.0,1906.0,0.6693989071038251,0.3306010928961749
105,2014.0,3.0,1908.0,1907.0,0.6684931506849315,0.33150684931506846
105,2015.0,3.0,1909.0,1908.0,0.6684931506849315,0.33150684931506846
105,2016.0,3.0,1910.0,1909.0,0.6684931506849315,0.33150684931506846
105,2017.0,3.0,1911.0,1910.0,0.6693989071038251,0.3306010928961749
105,2018.0,3.0,1912.0,1911.0,0.6684931506849315,0.33150684931506846
105,2009.5,2.0,1904.0,1903.0,0.3315068493150685,0.6684931506849314
106,2008.0,1.0,1902.0,1901.0,0.00273224043715847,0.9972677595628415
106,2009.0,1.0,1902.0,1901.0,0.9180327868852459,0.08196721311475408
106,2010.0,2.0,1903.0,1902.0,0.9178082191780822,0.0821917808219178
106,2011.0,1.0,1905.0,1904.0,0.0027397260273972603,0.9972602739726028
106,2012.0,2.0,1905.0,1904.0,0.6684931506849315,0.33150684931506846
106,2013.0,2.0,1906.0,1905.0,0.6693989071038251,0.3306010928961749
106,2014.0,2.0,1907.0,1906.0,0.6684931506849315,0.33150684931506846
106,2015.0,2.0,1908.0,1907.0,0.6684931506849315,0.33150684931506846
106,2016.0,2.0,1909.0,1908.0,0.6684931506849315,0.33150684931506846
106,2017.0,2.0,1910.0,1909.0,0.6693989071038251,0.3306010928961749
106,2018.0,2.0,1911.0,1910.0,0.6684931506849315,0.33150684931506846
106,2009.5,1.0,1903.0,1902.0,0.3315068493150685,0.6684931506849314
107,2008.0,1.0,1901.0,1900.0,0.00273224043715847,0.9972677595628415
107,2009.0,1.0,1901.0,1900.0,0.9180327868852459,0.08196721311475408
107,2010.0,1.0,1902.0,1901.0,0.9178082191780822,0.0821917808219178
107,2011.0,1.0,1904.0,1903.0,0.0027397260273972603,0.9972602739726028
107,2012.0,1.0,1904.0,1903.0,0.6684931506849315,0.33150684931506846
107,2013.0,1.0,1905.0,1904.0,0.6693989071038251,0.3306010928961749
107,2014.0,1.0,1906.0,1905.0,0.6684931506849315,0.33150684931506846
107,2015.0,1.0,1907.0,1906.0,0.6684931506849315,0.33150684931506846
107,2016.0,1.0,1908.0,1907.0,0.6684931506849315,0.33150684931506846
107,2017.0,1.0,1909.0,1908.0,0.6693989071038251,0.3306010928961749
107,2018.0,2.0,1910.0,1909.0,0.6684931506849315,0.33150684931506846
107,2009.5,1.0,1902.0,1901.0,0.3315068493150685,0.6684931506849314
108,2008.0,1.0,1900.0,1899.0,0.00273224043715847,0.9972677595628415
108,2009.0,1.0,1900.0,1899.0,0.9180327868852459,0.08196721311475408
108,2010.0,1.0,1901.0,1900.0,0.9178082191780822,0.0821917808219178
108,2011.0,1.0,1903.0,1902.0,0.0027397260273972603,0.9972602739726028
108,2012.0,1.0,1903.0,1902.0,0.6684931506849315,0.33150684931506846
108,2013.0,1.0,1904.0,1903.0,0.6693989071038251,0.3306010928961749
108,2014.0,1.0,1905.0,1904.0,0.6684931506849315,0.33150684931506846
108,2015.0,1.0,1906.0,1905.0,0.6684931506849315,0.33150684931506846
108,2016.0,1.0,1907.0,1906.0,0.6684931506849315,0.33150684931506846
108,2017.0,1.0,1908.0,1907.0,0.6693989071038251,0.3306010928961749
108,2018.0,1.0,1909.0,1908.0,0.6684931506849315,0.33150684931506846
108,2009.5,1.0,1901.0,1900.0,0.3315068493150685,0.6684931506849314
109,2008.0,,,,,
109,2009.0,,,,,
109,2010.0,,,,,
109,2011.0,,,,,
109,2012.0,1.0,1902.0,1901.0,0.6684931506849315,0.33150684931506846
109,2013.0,1.0,1903.0,1902.0,0.6693989071038251,0.3306010928961749
109,2014.0,1.0,1904.0,1903.0,0.6684931506849315,0.33150684931506846
109,2015.0,1.0,1905.0,1904.0,0.6684931506849315,0.33150684931506846
109,2016.0,1.0,1906.0,1905.0,0.6684931506849315,0.33150684931506846
109,2017.0,1.0,1907.0,1906.0,0.6693989071038251,0.3306010928961749
109,2018.0,1.0,1908.0,1907.0,0.6684931506849315,0.33150684931506846
109,2009.5,,,,,
