Birth_year,vactype,Naive_vac
1918,1918,0.998800959232614
1918,1919,0.4917415612898626
1918,1920,0.130566504906913
1918,1921,0.047968598207188906
1918,1922,0.025732344459023563
1918,1923,0.0278234649122807
1918,1924,0.019478500385611754
1918,1925,0.011522032788658666
1918,1926,0.007474907704860973
1918,1927,0.01125003786057115
1918,1928,0.013904285521157224
1918,1929,0.014285714285714284
1918,1930,0.02138630600169062
1918,1931,0.004437869822485207
1918,1932,0.0
1918,1933,0.0
1918,1934,0.0
1918,1935,0.0
1918,1936,0.0
1918,1937,0.0
1918,1938,0.0
1918,1939,0.0
1918,1940,0.0
1918,1941,0.0
1918,1942,0.0
1918,1943,0.0
1918,1944,0.0
1918,1945,0.0
1918,1946,0.0
1918,1947,0.0
1918,1948,0.0
1918,1949,0.0
1918,1950,0.0
1918,1951,0.0
1918,1952,0.0
1918,1953,0.0
1918,1954,0.0
1918,1955,0.0
1918,1956,0.0
1918,1957,0.0
1918,1958,0.0
1918,1959,0.0
1918,1960,0.0
1918,1961,0.0
1918,1962,0.0
1918,1963,0.0
1918,1964,0.0
1918,1965,0.0
1918,1966,0.0
1918,1967,0.0
1918,1968,0.0
1918,1969,0.0
1918,1970,0.0
1918,1971,0.0
1918,1972,0.0
1918,1973,0.0
1918,1974,0.0
1918,1975,0.0
1918,1976,0.0
1918,1977,0.0
1918,1978,0.0
1918,1979,0.0
1918,1980,0.0
1918,1981,0.0
1918,1982,0.0
1918,1983,0.0
1918,1984,0.0
1918,1985,0.0
1918,1986,0.0
1918,1987,0.0
1918,1988,0.0
1918,1989,0.0
1918,1990,0.0
1918,1991,0.0
1918,1992,0.0
1918,1993,0.0
1918,1994,0.0
1918,1995,0.0
1918,1996,0.0
1918,1997,0.0
1918,1998,0.0
1918,1999,0.0
1918,2000,0.0
1918,2001,0.0
1918,2002,0.0
1918,2003,0.0
1918,2004,0.0
1918,2005,0.0
1918,2006,0.0
1918,2007,0.0
1918,2008,0.0
1918,2009,0.0
1918,2009Pan,0.0
1918,2010,0.0
1918,2011,0.0
1918,2012,0.0
1918,2013,0.0
1918,2014,0.0
1918,2015,0.0
1918,2016,0.0
1918,2017,0.0
1918,2018,0.0
1919,1919,0.998800959232614
1919,1920,0.4917415612898626
1919,1921,0.130566504906913
1919,1922,0.047968598207188906
1919,1923,0.025732344459023563
1919,1924,0.0278234649122807
1919,1925,0.019478500385611754
1919,1926,0.011522032788658666
1919,1927,0.007474907704860973
1919,1928,0.01125003786057115
1919,1929,0.013904285521157224
1919,1930,0.014285714285714284
1919,1931,0.02138630600169062
1919,1932,0.004437869822485207
1919,1933,0.0
1919,1934,0.0
1919,1935,0.0
1919,1936,0.0
1919,1937,0.0
1919,1938,0.0
1919,1939,0.0
1919,1940,0.0
1919,1941,0.0
1919,1942,0.0
1919,1943,0.0
1919,1944,0.0
1919,1945,0.0
1919,1946,0.0
1919,1947,0.0
1919,1948,0.0
1919,1949,0.0
1919,1950,0.0
1919,1951,0.0
1919,1952,0.0
1919,1953,0.0
1919,1954,0.0
1919,1955,0.0
1919,1956,0.0
1919,1957,0.0
1919,1958,0.0
1919,1959,0.0
1919,1960,0.0
1919,1961,0.0
1919,1962,0.0
1919,1963,0.0
1919,1964,0.0
1919,1965,0.0
1919,1966,0.0
1919,1967,0.0
1919,1968,0.0
1919,1969,0.0
1919,1970,0.0
1919,1971,0.0
1919,1972,0.0
1919,1973,0.0
1919,1974,0.0
1919,1975,0.0
1919,1976,0.0
1919,1977,0.0
1919,1978,0.0
1919,1979,0.0
1919,1980,0.0
1919,1981,0.0
1919,1982,0.0
1919,1983,0.0
1919,1984,0.0
1919,1985,0.0
1919,1986,0.0
1919,1987,0.0
1919,1988,0.0
1919,1989,0.0
1919,1990,0.0
1919,1991,0.0
1919,1992,0.0
1919,1993,0.0
1919,1994,0.0
1919,1995,0.0
1919,1996,0.0
1919,1997,0.0
1919,1998,0.0
1919,1999,0.0
1919,2000,0.0
1919,2001,0.0
1919,2002,0.0
1919,2003,0.0
1919,2004,0.0
1919,2005,0.0
1919,2006,0.0
1919,2007,0.0
1919,2008,0.0
1919,2009,0.0
1919,2009Pan,0.0
1919,2010,0.0
1919,2011,0.0
1919,2012,0.0
1919,2013,0.0
1919,2014,0.0
1919,2015,0.0
1919,2016,0.0
1919,2017,0.0
1919,2018,0.0
1920,1920,0.998800959232614
1920,1921,0.4917415612898626
1920,1922,0.130566504906913
1920,1923,0.047968598207188906
1920,1924,0.025732344459023563
1920,1925,0.0278234649122807
1920,1926,0.019478500385611754
1920,1927,0.011522032788658666
1920,1928,0.007474907704860973
1920,1929,0.01125003786057115
1920,1930,0.013904285521157224
1920,1931,0.014285714285714284
1920,1932,0.02138630600169062
1920,1933,0.004437869822485207
1920,1934,0.0
1920,1935,0.0
1920,1936,0.0
1920,1937,0.0
1920,1938,0.0
1920,1939,0.0
1920,1940,0.0
1920,1941,0.0
1920,1942,0.0
1920,1943,0.0
1920,1944,0.0
1920,1945,0.0
1920,1946,0.0
1920,1947,0.0
1920,1948,0.0
1920,1949,0.0
1920,1950,0.0
1920,1951,0.0
1920,1952,0.0
1920,1953,0.0
1920,1954,0.0
1920,1955,0.0
1920,1956,0.0
1920,1957,0.0
1920,1958,0.0
1920,1959,0.0
1920,1960,0.0
1920,1961,0.0
1920,1962,0.0
1920,1963,0.0
1920,1964,0.0
1920,1965,0.0
1920,1966,0.0
1920,1967,0.0
1920,1968,0.0
1920,1969,0.0
1920,1970,0.0
1920,1971,0.0
1920,1972,0.0
1920,1973,0.0
1920,1974,0.0
1920,1975,0.0
1920,1976,0.0
1920,1977,0.0
1920,1978,0.0
1920,1979,0.0
1920,1980,0.0
1920,1981,0.0
1920,1982,0.0
1920,1983,0.0
1920,1984,0.0
1920,1985,0.0
1920,1986,0.0
1920,1987,0.0
1920,1988,0.0
1920,1989,0.0
1920,1990,0.0
1920,1991,0.0
1920,1992,0.0
1920,1993,0.0
1920,1994,0.0
1920,1995,0.0
1920,1996,0.0
1920,1997,0.0
1920,1998,0.0
1920,1999,0.0
1920,2000,0.0
1920,2001,0.0
1920,2002,0.0
1920,2003,0.0
1920,2004,0.0
1920,2005,0.0
1920,2006,0.0
1920,2007,0.0
1920,2008,0.0
1920,2009,0.0
1920,2009Pan,0.0
1920,2010,0.0
1920,2011,0.0
1920,2012,0.0
1920,2013,0.0
1920,2014,0.0
1920,2015,0.0
1920,2016,0.0
1920,2017,0.0
1920,2018,0.0
1921,1921,0.998800959232614
1921,1922,0.4917415612898626
1921,1923,0.130566504906913
1921,1924,0.047968598207188906
1921,1925,0.025732344459023563
1921,1926,0.0278234649122807
1921,1927,0.019478500385611754
1921,1928,0.011522032788658666
1921,1929,0.007474907704860973
1921,1930,0.01125003786057115
1921,1931,0.013904285521157224
1921,1932,0.014285714285714284
1921,1933,0.02138630600169062
1921,1934,0.004437869822485207
1921,1935,0.0
1921,1936,0.0
1921,1937,0.0
1921,1938,0.0
1921,1939,0.0
1921,1940,0.0
1921,1941,0.0
1921,1942,0.0
1921,1943,0.0
1921,1944,0.0
1921,1945,0.0
1921,1946,0.0
1921,1947,0.0
1921,1948,0.0
1921,1949,0.0
1921,1950,0.0
1921,1951,0.0
1921,1952,0.0
1921,1953,0.0
1921,1954,0.0
1921,1955,0.0
1921,1956,0.0
1921,1957,0.0
1921,1958,0.0
1921,1959,0.0
1921,1960,0.0
1921,1961,0.0
1921,1962,0.0
1921,1963,0.0
1921,1964,0.0
1921,1965,0.0
1921,1966,0.0
1921,1967,0.0
1921,1968,0.0
1921,1969,0.0
1921,1970,0.0
1921,1971,0.0
1921,1972,0.0
1921,1973,0.0
1921,1974,0.0
1921,1975,0.0
1921,1976,0.0
1921,1977,0.0
1921,1978,0.0
1921,1979,0.0
1921,1980,0.0
1921,1981,0.0
1921,1982,0.0
1921,1983,0.0
1921,1984,0.0
1921,1985,0.0
1921,1986,0.0
1921,1987,0.0
1921,1988,0.0
1921,1989,0.0
1921,1990,0.0
1921,1991,0.0
1921,1992,0.0
1921,1993,0.0
1921,1994,0.0
1921,1995,0.0
1921,1996,0.0
1921,1997,0.0
1921,1998,0.0
1921,1999,0.0
1921,2000,0.0
1921,2001,0.0
1921,2002,0.0
1921,2003,0.0
1921,2004,0.0
1921,2005,0.0
1921,2006,0.0
1921,2007,0.0
1921,2008,0.0
1921,2009,0.0
1921,2009Pan,0.0
1921,2010,0.0
1921,2011,0.0
1921,2012,0.0
1921,2013,0.0
1921,2014,0.0
1921,2015,0.0
1921,2016,0.0
1921,2017,0.0
1921,2018,0.0
1922,1922,0.998800959232614
1922,1923,0.4917415612898626
1922,1924,0.130566504906913
1922,1925,0.047968598207188906
1922,1926,0.025732344459023563
1922,1927,0.0278234649122807
1922,1928,0.019478500385611754
1922,1929,0.011522032788658666
1922,1930,0.007474907704860973
1922,1931,0.01125003786057115
1922,1932,0.013904285521157224
1922,1933,0.014285714285714284
1922,1934,0.02138630600169062
1922,1935,0.004437869822485207
1922,1936,0.0
1922,1937,0.0
1922,1938,0.0
1922,1939,0.0
1922,1940,0.0
1922,1941,0.0
1922,1942,0.0
1922,1943,0.0
1922,1944,0.0
1922,1945,0.0
1922,1946,0.0
1922,1947,0.0
1922,1948,0.0
1922,1949,0.0
1922,1950,0.0
1922,1951,0.0
1922,1952,0.0
1922,1953,0.0
1922,1954,0.0
1922,1955,0.0
1922,1956,0.0
1922,1957,0.0
1922,1958,0.0
1922,1959,0.0
1922,1960,0.0
1922,1961,0.0
1922,1962,0.0
1922,1963,0.0
1922,1964,0.0
1922,1965,0.0
1922,1966,0.0
1922,1967,0.0
1922,1968,0.0
1922,1969,0.0
1922,1970,0.0
1922,1971,0.0
1922,1972,0.0
1922,1973,0.0
1922,1974,0.0
1922,1975,0.0
1922,1976,0.0
1922,1977,0.0
1922,1978,0.0
1922,1979,0.0
1922,1980,0.0
1922,1981,0.0
1922,1982,0.0
1922,1983,0.0
1922,1984,0.0
1922,1985,0.0
1922,1986,0.0
1922,1987,0.0
1922,1988,0.0
1922,1989,0.0
1922,1990,0.0
1922,1991,0.0
1922,1992,0.0
1922,1993,0.0
1922,1994,0.0
1922,1995,0.0
1922,1996,0.0
1922,1997,0.0
1922,1998,0.0
1922,1999,0.0
1922,2000,0.0
1922,2001,0.0
1922,2002,0.0
1922,2003,0.0
1922,2004,0.0
1922,2005,0.0
1922,2006,0.0
1922,2007,0.0
1922,2008,0.0
1922,2009,0.0
1922,2009Pan,0.0
1922,2010,0.0
1922,2011,0.0
1922,2012,0.0
1922,2013,0.0
1922,2014,0.0
1922,2015,0.0
1922,2016,0.0
1922,2017,0.0
1922,2018,0.0
1923,1923,0.998800959232614
1923,1924,0.4917415612898626
1923,1925,0.130566504906913
1923,1926,0.047968598207188906
1923,1927,0.025732344459023563
1923,1928,0.0278234649122807
1923,1929,0.019478500385611754
1923,1930,0.011522032788658666
1923,1931,0.007474907704860973
1923,1932,0.01125003786057115
1923,1933,0.013904285521157224
1923,1934,0.014285714285714284
1923,1935,0.02138630600169062
1923,1936,0.004437869822485207
1923,1937,0.0
1923,1938,0.0
1923,1939,0.0
1923,1940,0.0
1923,1941,0.0
1923,1942,0.0
1923,1943,0.0
1923,1944,0.0
1923,1945,0.0
1923,1946,0.0
1923,1947,0.0
1923,1948,0.0
1923,1949,0.0
1923,1950,0.0
1923,1951,0.0
1923,1952,0.0
1923,1953,0.0
1923,1954,0.0
1923,1955,0.0
1923,1956,0.0
1923,1957,0.0
1923,1958,0.0
1923,1959,0.0
1923,1960,0.0
1923,1961,0.0
1923,1962,0.0
1923,1963,0.0
1923,1964,0.0
1923,1965,0.0
1923,1966,0.0
1923,1967,0.0
1923,1968,0.0
1923,1969,0.0
1923,1970,0.0
1923,1971,0.0
1923,1972,0.0
1923,1973,0.0
1923,1974,0.0
1923,1975,0.0
1923,1976,0.0
1923,1977,0.0
1923,1978,0.0
1923,1979,0.0
1923,1980,0.0
1923,1981,0.0
1923,1982,0.0
1923,1983,0.0
1923,1984,0.0
1923,1985,0.0
1923,1986,0.0
1923,1987,0.0
1923,1988,0.0
1923,1989,0.0
1923,1990,0.0
1923,1991,0.0
1923,1992,0.0
1923,1993,0.0
1923,1994,0.0
1923,1995,0.0
1923,1996,0.0
1923,1997,0.0
1923,1998,0.0
1923,1999,0.0
1923,2000,0.0
1923,2001,0.0
1923,2002,0.0
1923,2003,0.0
1923,2004,0.0
1923,2005,0.0
1923,2006,0.0
1923,2007,0.0
1923,2008,0.0
1923,2009,0.0
1923,2009Pan,0.0
1923,2010,0.0
1923,2011,0.0
1923,2012,0.0
1923,2013,0.0
1923,2014,0.0
1923,2015,0.0
1923,2016,0.0
1923,2017,0.0
1923,2018,0.0
1924,1924,0.998800959232614
1924,1925,0.4917415612898626
1924,1926,0.130566504906913
1924,1927,0.047968598207188906
1924,1928,0.025732344459023563
1924,1929,0.0278234649122807
1924,1930,0.019478500385611754
1924,1931,0.011522032788658666
1924,1932,0.007474907704860973
1924,1933,0.01125003786057115
1924,1934,0.013904285521157224
1924,1935,0.014285714285714284
1924,1936,0.02138630600169062
1924,1937,0.004437869822485207
1924,1938,0.0
1924,1939,0.0
1924,1940,0.0
1924,1941,0.0
1924,1942,0.0
1924,1943,0.0
1924,1944,0.0
1924,1945,0.0
1924,1946,0.0
1924,1947,0.0
1924,1948,0.0
1924,1949,0.0
1924,1950,0.0
1924,1951,0.0
1924,1952,0.0
1924,1953,0.0
1924,1954,0.0
1924,1955,0.0
1924,1956,0.0
1924,1957,0.0
1924,1958,0.0
1924,1959,0.0
1924,1960,0.0
1924,1961,0.0
1924,1962,0.0
1924,1963,0.0
1924,1964,0.0
1924,1965,0.0
1924,1966,0.0
1924,1967,0.0
1924,1968,0.0
1924,1969,0.0
1924,1970,0.0
1924,1971,0.0
1924,1972,0.0
1924,1973,0.0
1924,1974,0.0
1924,1975,0.0
1924,1976,0.0
1924,1977,0.0
1924,1978,0.0
1924,1979,0.0
1924,1980,0.0
1924,1981,0.0
1924,1982,0.0
1924,1983,0.0
1924,1984,0.0
1924,1985,0.0
1924,1986,0.0
1924,1987,0.0
1924,1988,0.0
1924,1989,0.0
1924,1990,0.0
1924,1991,0.0
1924,1992,0.0
1924,1993,0.0
1924,1994,0.0
1924,1995,0.0
1924,1996,0.0
1924,1997,0.0
1924,1998,0.0
1924,1999,0.0
1924,2000,0.0
1924,2001,0.0
1924,2002,0.0
1924,2003,0.0
1924,2004,0.0
1924,2005,0.0
1924,2006,0.0
1924,2007,0.0
1924,2008,0.0
1924,2009,0.0
1924,2009Pan,0.0
1924,2010,0.0
1924,2011,0.0
1924,2012,0.0
1924,2013,0.0
1924,2014,0.0
1924,2015,0.0
1924,2016,0.0
1924,2017,0.0
1924,2018,0.0
1925,1925,0.998800959232614
1925,1926,0.4917415612898626
1925,1927,0.130566504906913
1925,1928,0.047968598207188906
1925,1929,0.025732344459023563
1925,1930,0.0278234649122807
1925,1931,0.019478500385611754
1925,1932,0.011522032788658666
1925,1933,0.007474907704860973
1925,1934,0.01125003786057115
1925,1935,0.013904285521157224
1925,1936,0.014285714285714284
1925,1937,0.02138630600169062
1925,1938,0.004437869822485207
1925,1939,0.0
1925,1940,0.0
1925,1941,0.0
1925,1942,0.0
1925,1943,0.0
1925,1944,0.0
1925,1945,0.0
1925,1946,0.0
1925,1947,0.0
1925,1948,0.0
1925,1949,0.0
1925,1950,0.0
1925,1951,0.0
1925,1952,0.0
1925,1953,0.0
1925,1954,0.0
1925,1955,0.0
1925,1956,0.0
1925,1957,0.0
1925,1958,0.0
1925,1959,0.0
1925,1960,0.0
1925,1961,0.0
1925,1962,0.0
1925,1963,0.0
1925,1964,0.0
1925,1965,0.0
1925,1966,0.0
1925,1967,0.0
1925,1968,0.0
1925,1969,0.0
1925,1970,0.0
1925,1971,0.0
1925,1972,0.0
1925,1973,0.0
1925,1974,0.0
1925,1975,0.0
1925,1976,0.0
1925,1977,0.0
1925,1978,0.0
1925,1979,0.0
1925,1980,0.0
1925,1981,0.0
1925,1982,0.0
1925,1983,0.0
1925,1984,0.0
1925,1985,0.0
1925,1986,0.0
1925,1987,0.0
1925,1988,0.0
1925,1989,0.0
1925,1990,0.0
1925,1991,0.0
1925,1992,0.0
1925,1993,0.0
1925,1994,0.0
1925,1995,0.0
1925,1996,0.0
1925,1997,0.0
1925,1998,0.0
1925,1999,0.0
1925,2000,0.0
1925,2001,0.0
1925,2002,0.0
1925,2003,0.0
1925,2004,0.0
1925,2005,0.0
1925,2006,0.0
1925,2007,0.0
1925,2008,0.0
1925,2009,0.0
1925,2009Pan,0.0
1925,2010,0.0
1925,2011,0.0
1925,2012,0.0
1925,2013,0.0
1925,2014,0.0
1925,2015,0.0
1925,2016,0.0
1925,2017,0.0
1925,2018,0.0
1926,1926,0.998800959232614
1926,1927,0.4917415612898626
1926,1928,0.130566504906913
1926,1929,0.047968598207188906
1926,1930,0.025732344459023563
1926,1931,0.0278234649122807
1926,1932,0.019478500385611754
1926,1933,0.011522032788658666
1926,1934,0.007474907704860973
1926,1935,0.01125003786057115
1926,1936,0.013904285521157224
1926,1937,0.014285714285714284
1926,1938,0.02138630600169062
1926,1939,0.004437869822485207
1926,1940,0.0
1926,1941,0.0
1926,1942,0.0
1926,1943,0.0
1926,1944,0.0
1926,1945,0.0
1926,1946,0.0
1926,1947,0.0
1926,1948,0.0
1926,1949,0.0
1926,1950,0.0
1926,1951,0.0
1926,1952,0.0
1926,1953,0.0
1926,1954,0.0
1926,1955,0.0
1926,1956,0.0
1926,1957,0.0
1926,1958,0.0
1926,1959,0.0
1926,1960,0.0
1926,1961,0.0
1926,1962,0.0
1926,1963,0.0
1926,1964,0.0
1926,1965,0.0
1926,1966,0.0
1926,1967,0.0
1926,1968,0.0
1926,1969,0.0
1926,1970,0.0
1926,1971,0.0
1926,1972,0.0
1926,1973,0.0
1926,1974,0.0
1926,1975,0.0
1926,1976,0.0
1926,1977,0.0
1926,1978,0.0
1926,1979,0.0
1926,1980,0.0
1926,1981,0.0
1926,1982,0.0
1926,1983,0.0
1926,1984,0.0
1926,1985,0.0
1926,1986,0.0
1926,1987,0.0
1926,1988,0.0
1926,1989,0.0
1926,1990,0.0
1926,1991,0.0
1926,1992,0.0
1926,1993,0.0
1926,1994,0.0
1926,1995,0.0
1926,1996,0.0
1926,1997,0.0
1926,1998,0.0
1926,1999,0.0
1926,2000,0.0
1926,2001,0.0
1926,2002,0.0
1926,2003,0.0
1926,2004,0.0
1926,2005,0.0
1926,2006,0.0
1926,2007,0.0
1926,2008,0.0
1926,2009,0.0
1926,2009Pan,0.0
1926,2010,0.0
1926,2011,0.0
1926,2012,0.0
1926,2013,0.0
1926,2014,0.0
1926,2015,0.0
1926,2016,0.0
1926,2017,0.0
1926,2018,0.0
1927,1927,0.998800959232614
1927,1928,0.4917415612898626
1927,1929,0.130566504906913
1927,1930,0.047968598207188906
1927,1931,0.025732344459023563
1927,1932,0.0278234649122807
1927,1933,0.019478500385611754
1927,1934,0.011522032788658666
1927,1935,0.007474907704860973
1927,1936,0.01125003786057115
1927,1937,0.013904285521157224
1927,1938,0.014285714285714284
1927,1939,0.02138630600169062
1927,1940,0.004437869822485207
1927,1941,0.0
1927,1942,0.0
1927,1943,0.0
1927,1944,0.0
1927,1945,0.0
1927,1946,0.0
1927,1947,0.0
1927,1948,0.0
1927,1949,0.0
1927,1950,0.0
1927,1951,0.0
1927,1952,0.0
1927,1953,0.0
1927,1954,0.0
1927,1955,0.0
1927,1956,0.0
1927,1957,0.0
1927,1958,0.0
1927,1959,0.0
1927,1960,0.0
1927,1961,0.0
1927,1962,0.0
1927,1963,0.0
1927,1964,0.0
1927,1965,0.0
1927,1966,0.0
1927,1967,0.0
1927,1968,0.0
1927,1969,0.0
1927,1970,0.0
1927,1971,0.0
1927,1972,0.0
1927,1973,0.0
1927,1974,0.0
1927,1975,0.0
1927,1976,0.0
1927,1977,0.0
1927,1978,0.0
1927,1979,0.0
1927,1980,0.0
1927,1981,0.0
1927,1982,0.0
1927,1983,0.0
1927,1984,0.0
1927,1985,0.0
1927,1986,0.0
1927,1987,0.0
1927,1988,0.0
1927,1989,0.0
1927,1990,0.0
1927,1991,0.0
1927,1992,0.0
1927,1993,0.0
1927,1994,0.0
1927,1995,0.0
1927,1996,0.0
1927,1997,0.0
1927,1998,0.0
1927,1999,0.0
1927,2000,0.0
1927,2001,0.0
1927,2002,0.0
1927,2003,0.0
1927,2004,0.0
1927,2005,0.0
1927,2006,0.0
1927,2007,0.0
1927,2008,0.0
1927,2009,0.0
1927,2009Pan,0.0
1927,2010,0.0
1927,2011,0.0
1927,2012,0.0
1927,2013,0.0
1927,2014,0.0
1927,2015,0.0
1927,2016,0.0
1927,2017,0.0
1927,2018,0.0
1928,1928,0.998800959232614
1928,1929,0.4917415612898626
1928,1930,0.130566504906913
1928,1931,0.047968598207188906
1928,1932,0.025732344459023563
1928,1933,0.0278234649122807
1928,1934,0.019478500385611754
1928,1935,0.011522032788658666
1928,1936,0.007474907704860973
1928,1937,0.01125003786057115
1928,1938,0.013904285521157224
1928,1939,0.014285714285714284
1928,1940,0.02138630600169062
1928,1941,0.004437869822485207
1928,1942,0.0
1928,1943,0.0
1928,1944,0.0
1928,1945,0.0
1928,1946,0.0
1928,1947,0.0
1928,1948,0.0
1928,1949,0.0
1928,1950,0.0
1928,1951,0.0
1928,1952,0.0
1928,1953,0.0
1928,1954,0.0
1928,1955,0.0
1928,1956,0.0
1928,1957,0.0
1928,1958,0.0
1928,1959,0.0
1928,1960,0.0
1928,1961,0.0
1928,1962,0.0
1928,1963,0.0
1928,1964,0.0
1928,1965,0.0
1928,1966,0.0
1928,1967,0.0
1928,1968,0.0
1928,1969,0.0
1928,1970,0.0
1928,1971,0.0
1928,1972,0.0
1928,1973,0.0
1928,1974,0.0
1928,1975,0.0
1928,1976,0.0
1928,1977,0.0
1928,1978,0.0
1928,1979,0.0
1928,1980,0.0
1928,1981,0.0
1928,1982,0.0
1928,1983,0.0
1928,1984,0.0
1928,1985,0.0
1928,1986,0.0
1928,1987,0.0
1928,1988,0.0
1928,1989,0.0
1928,1990,0.0
1928,1991,0.0
1928,1992,0.0
1928,1993,0.0
1928,1994,0.0
1928,1995,0.0
1928,1996,0.0
1928,1997,0.0
1928,1998,0.0
1928,1999,0.0
1928,2000,0.0
1928,2001,0.0
1928,2002,0.0
1928,2003,0.0
1928,2004,0.0
1928,2005,0.0
1928,2006,0.0
1928,2007,0.0
1928,2008,0.0
1928,2009,0.0
1928,2009Pan,0.0
1928,2010,0.0
1928,2011,0.0
1928,2012,0.0
1928,2013,0.0
1928,2014,0.0
1928,2015,0.0
1928,2016,0.0
1928,2017,0.0
1928,2018,0.0
1929,1929,0.998800959232614
1929,1930,0.4917415612898626
1929,1931,0.130566504906913
1929,1932,0.047968598207188906
1929,1933,0.025732344459023563
1929,1934,0.0278234649122807
1929,1935,0.019478500385611754
1929,1936,0.011522032788658666
1929,1937,0.007474907704860973
1929,1938,0.01125003786057115
1929,1939,0.013904285521157224
1929,1940,0.014285714285714284
1929,1941,0.02138630600169062
1929,1942,0.004437869822485207
1929,1943,0.0
1929,1944,0.0
1929,1945,0.0
1929,1946,0.0
1929,1947,0.0
1929,1948,0.0
1929,1949,0.0
1929,1950,0.0
1929,1951,0.0
1929,1952,0.0
1929,1953,0.0
1929,1954,0.0
1929,1955,0.0
1929,1956,0.0
1929,1957,0.0
1929,1958,0.0
1929,1959,0.0
1929,1960,0.0
1929,1961,0.0
1929,1962,0.0
1929,1963,0.0
1929,1964,0.0
1929,1965,0.0
1929,1966,0.0
1929,1967,0.0
1929,1968,0.0
1929,1969,0.0
1929,1970,0.0
1929,1971,0.0
1929,1972,0.0
1929,1973,0.0
1929,1974,0.0
1929,1975,0.0
1929,1976,0.0
1929,1977,0.0
1929,1978,0.0
1929,1979,0.0
1929,1980,0.0
1929,1981,0.0
1929,1982,0.0
1929,1983,0.0
1929,1984,0.0
1929,1985,0.0
1929,1986,0.0
1929,1987,0.0
1929,1988,0.0
1929,1989,0.0
1929,1990,0.0
1929,1991,0.0
1929,1992,0.0
1929,1993,0.0
1929,1994,0.0
1929,1995,0.0
1929,1996,0.0
1929,1997,0.0
1929,1998,0.0
1929,1999,0.0
1929,2000,0.0
1929,2001,0.0
1929,2002,0.0
1929,2003,0.0
1929,2004,0.0
1929,2005,0.0
1929,2006,0.0
1929,2007,0.0
1929,2008,0.0
1929,2009,0.0
1929,2009Pan,0.0
1929,2010,0.0
1929,2011,0.0
1929,2012,0.0
1929,2013,0.0
1929,2014,0.0
1929,2015,0.0
1929,2016,0.0
1929,2017,0.0
1929,2018,0.0
1930,1930,0.998800959232614
1930,1931,0.4917415612898626
1930,1932,0.130566504906913
1930,1933,0.047968598207188906
1930,1934,0.025732344459023563
1930,1935,0.0278234649122807
1930,1936,0.019478500385611754
1930,1937,0.011522032788658666
1930,1938,0.007474907704860973
1930,1939,0.01125003786057115
1930,1940,0.013904285521157224
1930,1941,0.014285714285714284
1930,1942,0.02138630600169062
1930,1943,0.004437869822485207
1930,1944,0.0
1930,1945,0.0
1930,1946,0.0
1930,1947,0.0
1930,1948,0.0
1930,1949,0.0
1930,1950,0.0
1930,1951,0.0
1930,1952,0.0
1930,1953,0.0
1930,1954,0.0
1930,1955,0.0
1930,1956,0.0
1930,1957,0.0
1930,1958,0.0
1930,1959,0.0
1930,1960,0.0
1930,1961,0.0
1930,1962,0.0
1930,1963,0.0
1930,1964,0.0
1930,1965,0.0
1930,1966,0.0
1930,1967,0.0
1930,1968,0.0
1930,1969,0.0
1930,1970,0.0
1930,1971,0.0
1930,1972,0.0
1930,1973,0.0
1930,1974,0.0
1930,1975,0.0
1930,1976,0.0
1930,1977,0.0
1930,1978,0.0
1930,1979,0.0
1930,1980,0.0
1930,1981,0.0
1930,1982,0.0
1930,1983,0.0
1930,1984,0.0
1930,1985,0.0
1930,1986,0.0
1930,1987,0.0
1930,1988,0.0
1930,1989,0.0
1930,1990,0.0
1930,1991,0.0
1930,1992,0.0
1930,1993,0.0
1930,1994,0.0
1930,1995,0.0
1930,1996,0.0
1930,1997,0.0
1930,1998,0.0
1930,1999,0.0
1930,2000,0.0
1930,2001,0.0
1930,2002,0.0
1930,2003,0.0
1930,2004,0.0
1930,2005,0.0
1930,2006,0.0
1930,2007,0.0
1930,2008,0.0
1930,2009,0.0
1930,2009Pan,0.0
1930,2010,0.0
1930,2011,0.0
1930,2012,0.0
1930,2013,0.0
1930,2014,0.0
1930,2015,0.0
1930,2016,0.0
1930,2017,0.0
1930,2018,0.0
1931,1931,0.998800959232614
1931,1932,0.4917415612898626
1931,1933,0.130566504906913
1931,1934,0.047968598207188906
1931,1935,0.025732344459023563
1931,1936,0.0278234649122807
1931,1937,0.019478500385611754
1931,1938,0.011522032788658666
1931,1939,0.007474907704860973
1931,1940,0.01125003786057115
1931,1941,0.013904285521157224
1931,1942,0.014285714285714284
1931,1943,0.02138630600169062
1931,1944,0.004437869822485207
1931,1945,0.0
1931,1946,0.0
1931,1947,0.0
1931,1948,0.0
1931,1949,0.0
1931,1950,0.0
1931,1951,0.0
1931,1952,0.0
1931,1953,0.0
1931,1954,0.0
1931,1955,0.0
1931,1956,0.0
1931,1957,0.0
1931,1958,0.0
1931,1959,0.0
1931,1960,0.0
1931,1961,0.0
1931,1962,0.0
1931,1963,0.0
1931,1964,0.0
1931,1965,0.0
1931,1966,0.0
1931,1967,0.0
1931,1968,0.0
1931,1969,0.0
1931,1970,0.0
1931,1971,0.0
1931,1972,0.0
1931,1973,0.0
1931,1974,0.0
1931,1975,0.0
1931,1976,0.0
1931,1977,0.0
1931,1978,0.0
1931,1979,0.0
1931,1980,0.0
1931,1981,0.0
1931,1982,0.0
1931,1983,0.0
1931,1984,0.0
1931,1985,0.0
1931,1986,0.0
1931,1987,0.0
1931,1988,0.0
1931,1989,0.0
1931,1990,0.0
1931,1991,0.0
1931,1992,0.0
1931,1993,0.0
1931,1994,0.0
1931,1995,0.0
1931,1996,0.0
1931,1997,0.0
1931,1998,0.0
1931,1999,0.0
1931,2000,0.0
1931,2001,0.0
1931,2002,0.0
1931,2003,0.0
1931,2004,0.0
1931,2005,0.0
1931,2006,0.0
1931,2007,0.0
1931,2008,0.0
1931,2009,0.0
1931,2009Pan,0.0
1931,2010,0.0
1931,2011,0.0
1931,2012,0.0
1931,2013,0.0
1931,2014,0.0
1931,2015,0.0
1931,2016,0.0
1931,2017,0.0
1931,2018,0.0
1932,1932,0.998800959232614
1932,1933,0.4917415612898626
1932,1934,0.130566504906913
1932,1935,0.047968598207188906
1932,1936,0.025732344459023563
1932,1937,0.0278234649122807
1932,1938,0.019478500385611754
1932,1939,0.011522032788658666
1932,1940,0.007474907704860973
1932,1941,0.01125003786057115
1932,1942,0.013904285521157224
1932,1943,0.014285714285714284
1932,1944,0.02138630600169062
1932,1945,0.004437869822485207
1932,1946,0.0
1932,1947,0.0
1932,1948,0.0
1932,1949,0.0
1932,1950,0.0
1932,1951,0.0
1932,1952,0.0
1932,1953,0.0
1932,1954,0.0
1932,1955,0.0
1932,1956,0.0
1932,1957,0.0
1932,1958,0.0
1932,1959,0.0
1932,1960,0.0
1932,1961,0.0
1932,1962,0.0
1932,1963,0.0
1932,1964,0.0
1932,1965,0.0
1932,1966,0.0
1932,1967,0.0
1932,1968,0.0
1932,1969,0.0
1932,1970,0.0
1932,1971,0.0
1932,1972,0.0
1932,1973,0.0
1932,1974,0.0
1932,1975,0.0
1932,1976,0.0
1932,1977,0.0
1932,1978,0.0
1932,1979,0.0
1932,1980,0.0
1932,1981,0.0
1932,1982,0.0
1932,1983,0.0
1932,1984,0.0
1932,1985,0.0
1932,1986,0.0
1932,1987,0.0
1932,1988,0.0
1932,1989,0.0
1932,1990,0.0
1932,1991,0.0
1932,1992,0.0
1932,1993,0.0
1932,1994,0.0
1932,1995,0.0
1932,1996,0.0
1932,1997,0.0
1932,1998,0.0
1932,1999,0.0
1932,2000,0.0
1932,2001,0.0
1932,2002,0.0
1932,2003,0.0
1932,2004,0.0
1932,2005,0.0
1932,2006,0.0
1932,2007,0.0
1932,2008,0.0
1932,2009,0.0
1932,2009Pan,0.0
1932,2010,0.0
1932,2011,0.0
1932,2012,0.0
1932,2013,0.0
1932,2014,0.0
1932,2015,0.0
1932,2016,0.0
1932,2017,0.0
1932,2018,0.0
1933,1933,0.998800959232614
1933,1934,0.4917415612898626
1933,1935,0.130566504906913
1933,1936,0.047968598207188906
1933,1937,0.025732344459023563
1933,1938,0.0278234649122807
1933,1939,0.019478500385611754
1933,1940,0.011522032788658666
1933,1941,0.007474907704860973
1933,1942,0.01125003786057115
1933,1943,0.013904285521157224
1933,1944,0.014285714285714284
1933,1945,0.02138630600169062
1933,1946,0.004437869822485207
1933,1947,0.0
1933,1948,0.0
1933,1949,0.0
1933,1950,0.0
1933,1951,0.0
1933,1952,0.0
1933,1953,0.0
1933,1954,0.0
1933,1955,0.0
1933,1956,0.0
1933,1957,0.0
1933,1958,0.0
1933,1959,0.0
1933,1960,0.0
1933,1961,0.0
1933,1962,0.0
1933,1963,0.0
1933,1964,0.0
1933,1965,0.0
1933,1966,0.0
1933,1967,0.0
1933,1968,0.0
1933,1969,0.0
1933,1970,0.0
1933,1971,0.0
1933,1972,0.0
1933,1973,0.0
1933,1974,0.0
1933,1975,0.0
1933,1976,0.0
1933,1977,0.0
1933,1978,0.0
1933,1979,0.0
1933,1980,0.0
1933,1981,0.0
1933,1982,0.0
1933,1983,0.0
1933,1984,0.0
1933,1985,0.0
1933,1986,0.0
1933,1987,0.0
1933,1988,0.0
1933,1989,0.0
1933,1990,0.0
1933,1991,0.0
1933,1992,0.0
1933,1993,0.0
1933,1994,0.0
1933,1995,0.0
1933,1996,0.0
1933,1997,0.0
1933,1998,0.0
1933,1999,0.0
1933,2000,0.0
1933,2001,0.0
1933,2002,0.0
1933,2003,0.0
1933,2004,0.0
1933,2005,0.0
1933,2006,0.0
1933,2007,0.0
1933,2008,0.0
1933,2009,0.0
1933,2009Pan,0.0
1933,2010,0.0
1933,2011,0.0
1933,2012,0.0
1933,2013,0.0
1933,2014,0.0
1933,2015,0.0
1933,2016,0.0
1933,2017,0.0
1933,2018,0.0
1934,1934,0.998800959232614
1934,1935,0.4917415612898626
1934,1936,0.130566504906913
1934,1937,0.047968598207188906
1934,1938,0.025732344459023563
1934,1939,0.0278234649122807
1934,1940,0.019478500385611754
1934,1941,0.011522032788658666
1934,1942,0.007474907704860973
1934,1943,0.01125003786057115
1934,1944,0.013904285521157224
1934,1945,0.014285714285714284
1934,1946,0.02138630600169062
1934,1947,0.004437869822485207
1934,1948,0.0
1934,1949,0.0
1934,1950,0.0
1934,1951,0.0
1934,1952,0.0
1934,1953,0.0
1934,1954,0.0
1934,1955,0.0
1934,1956,0.0
1934,1957,0.0
1934,1958,0.0
1934,1959,0.0
1934,1960,0.0
1934,1961,0.0
1934,1962,0.0
1934,1963,0.0
1934,1964,0.0
1934,1965,0.0
1934,1966,0.0
1934,1967,0.0
1934,1968,0.0
1934,1969,0.0
1934,1970,0.0
1934,1971,0.0
1934,1972,0.0
1934,1973,0.0
1934,1974,0.0
1934,1975,0.0
1934,1976,0.0
1934,1977,0.0
1934,1978,0.0
1934,1979,0.0
1934,1980,0.0
1934,1981,0.0
1934,1982,0.0
1934,1983,0.0
1934,1984,0.0
1934,1985,0.0
1934,1986,0.0
1934,1987,0.0
1934,1988,0.0
1934,1989,0.0
1934,1990,0.0
1934,1991,0.0
1934,1992,0.0
1934,1993,0.0
1934,1994,0.0
1934,1995,0.0
1934,1996,0.0
1934,1997,0.0
1934,1998,0.0
1934,1999,0.0
1934,2000,0.0
1934,2001,0.0
1934,2002,0.0
1934,2003,0.0
1934,2004,0.0
1934,2005,0.0
1934,2006,0.0
1934,2007,0.0
1934,2008,0.0
1934,2009,0.0
1934,2009Pan,0.0
1934,2010,0.0
1934,2011,0.0
1934,2012,0.0
1934,2013,0.0
1934,2014,0.0
1934,2015,0.0
1934,2016,0.0
1934,2017,0.0
1934,2018,0.0
1935,1935,0.998800959232614
1935,1936,0.4917415612898626
1935,1937,0.130566504906913
1935,1938,0.047968598207188906
1935,1939,0.025732344459023563
1935,1940,0.0278234649122807
1935,1941,0.019478500385611754
1935,1942,0.011522032788658666
1935,1943,0.007474907704860973
1935,1944,0.01125003786057115
1935,1945,0.013904285521157224
1935,1946,0.014285714285714284
1935,1947,0.02138630600169062
1935,1948,0.004437869822485207
1935,1949,0.0
1935,1950,0.0
1935,1951,0.0
1935,1952,0.0
1935,1953,0.0
1935,1954,0.0
1935,1955,0.0
1935,1956,0.0
1935,1957,0.0
1935,1958,0.0
1935,1959,0.0
1935,1960,0.0
1935,1961,0.0
1935,1962,0.0
1935,1963,0.0
1935,1964,0.0
1935,1965,0.0
1935,1966,0.0
1935,1967,0.0
1935,1968,0.0
1935,1969,0.0
1935,1970,0.0
1935,1971,0.0
1935,1972,0.0
1935,1973,0.0
1935,1974,0.0
1935,1975,0.0
1935,1976,0.0
1935,1977,0.0
1935,1978,0.0
1935,1979,0.0
1935,1980,0.0
1935,1981,0.0
1935,1982,0.0
1935,1983,0.0
1935,1984,0.0
1935,1985,0.0
1935,1986,0.0
1935,1987,0.0
1935,1988,0.0
1935,1989,0.0
1935,1990,0.0
1935,1991,0.0
1935,1992,0.0
1935,1993,0.0
1935,1994,0.0
1935,1995,0.0
1935,1996,0.0
1935,1997,0.0
1935,1998,0.0
1935,1999,0.0
1935,2000,0.0
1935,2001,0.0
1935,2002,0.0
1935,2003,0.0
1935,2004,0.0
1935,2005,0.0
1935,2006,0.0
1935,2007,0.0
1935,2008,0.0
1935,2009,0.0
1935,2009Pan,0.0
1935,2010,0.0
1935,2011,0.0
1935,2012,0.0
1935,2013,0.0
1935,2014,0.0
1935,2015,0.0
1935,2016,0.0
1935,2017,0.0
1935,2018,0.0
1936,1936,0.998800959232614
1936,1937,0.4917415612898626
1936,1938,0.130566504906913
1936,1939,0.047968598207188906
1936,1940,0.025732344459023563
1936,1941,0.0278234649122807
1936,1942,0.019478500385611754
1936,1943,0.011522032788658666
1936,1944,0.007474907704860973
1936,1945,0.01125003786057115
1936,1946,0.013904285521157224
1936,1947,0.014285714285714284
1936,1948,0.02138630600169062
1936,1949,0.004437869822485207
1936,1950,0.0
1936,1951,0.0
1936,1952,0.0
1936,1953,0.0
1936,1954,0.0
1936,1955,0.0
1936,1956,0.0
1936,1957,0.0
1936,1958,0.0
1936,1959,0.0
1936,1960,0.0
1936,1961,0.0
1936,1962,0.0
1936,1963,0.0
1936,1964,0.0
1936,1965,0.0
1936,1966,0.0
1936,1967,0.0
1936,1968,0.0
1936,1969,0.0
1936,1970,0.0
1936,1971,0.0
1936,1972,0.0
1936,1973,0.0
1936,1974,0.0
1936,1975,0.0
1936,1976,0.0
1936,1977,0.0
1936,1978,0.0
1936,1979,0.0
1936,1980,0.0
1936,1981,0.0
1936,1982,0.0
1936,1983,0.0
1936,1984,0.0
1936,1985,0.0
1936,1986,0.0
1936,1987,0.0
1936,1988,0.0
1936,1989,0.0
1936,1990,0.0
1936,1991,0.0
1936,1992,0.0
1936,1993,0.0
1936,1994,0.0
1936,1995,0.0
1936,1996,0.0
1936,1997,0.0
1936,1998,0.0
1936,1999,0.0
1936,2000,0.0
1936,2001,0.0
1936,2002,0.0
1936,2003,0.0
1936,2004,0.0
1936,2005,0.0
1936,2006,0.0
1936,2007,0.0
1936,2008,0.0
1936,2009,0.0
1936,2009Pan,0.0
1936,2010,0.0
1936,2011,0.0
1936,2012,0.0
1936,2013,0.0
1936,2014,0.0
1936,2015,0.0
1936,2016,0.0
1936,2017,0.0
1936,2018,0.0
1937,1937,0.998800959232614
1937,1938,0.4917415612898626
1937,1939,0.130566504906913
1937,1940,0.047968598207188906
1937,1941,0.025732344459023563
1937,1942,0.0278234649122807
1937,1943,0.019478500385611754
1937,1944,0.011522032788658666
1937,1945,0.007474907704860973
1937,1946,0.01125003786057115
1937,1947,0.013904285521157224
1937,1948,0.014285714285714284
1937,1949,0.02138630600169062
1937,1950,0.004437869822485207
1937,1951,0.0
1937,1952,0.0
1937,1953,0.0
1937,1954,0.0
1937,1955,0.0
1937,1956,0.0
1937,1957,0.0
1937,1958,0.0
1937,1959,0.0
1937,1960,0.0
1937,1961,0.0
1937,1962,0.0
1937,1963,0.0
1937,1964,0.0
1937,1965,0.0
1937,1966,0.0
1937,1967,0.0
1937,1968,0.0
1937,1969,0.0
1937,1970,0.0
1937,1971,0.0
1937,1972,0.0
1937,1973,0.0
1937,1974,0.0
1937,1975,0.0
1937,1976,0.0
1937,1977,0.0
1937,1978,0.0
1937,1979,0.0
1937,1980,0.0
1937,1981,0.0
1937,1982,0.0
1937,1983,0.0
1937,1984,0.0
1937,1985,0.0
1937,1986,0.0
1937,1987,0.0
1937,1988,0.0
1937,1989,0.0
1937,1990,0.0
1937,1991,0.0
1937,1992,0.0
1937,1993,0.0
1937,1994,0.0
1937,1995,0.0
1937,1996,0.0
1937,1997,0.0
1937,1998,0.0
1937,1999,0.0
1937,2000,0.0
1937,2001,0.0
1937,2002,0.0
1937,2003,0.0
1937,2004,0.0
1937,2005,0.0
1937,2006,0.0
1937,2007,0.0
1937,2008,0.0
1937,2009,0.0
1937,2009Pan,0.0
1937,2010,0.0
1937,2011,0.0
1937,2012,0.0
1937,2013,0.0
1937,2014,0.0
1937,2015,0.0
1937,2016,0.0
1937,2017,0.0
1937,2018,0.0
1938,1938,0.998800959232614
1938,1939,0.4917415612898626
1938,1940,0.130566504906913
1938,1941,0.047968598207188906
1938,1942,0.025732344459023563
1938,1943,0.0278234649122807
1938,1944,0.019478500385611754
1938,1945,0.011522032788658666
1938,1946,0.007474907704860973
1938,1947,0.01125003786057115
1938,1948,0.013904285521157224
1938,1949,0.014285714285714284
1938,1950,0.02138630600169062
1938,1951,0.004437869822485207
1938,1952,0.0
1938,1953,0.0
1938,1954,0.0
1938,1955,0.0
1938,1956,0.0
1938,1957,0.0
1938,1958,0.0
1938,1959,0.0
1938,1960,0.0
1938,1961,0.0
1938,1962,0.0
1938,1963,0.0
1938,1964,0.0
1938,1965,0.0
1938,1966,0.0
1938,1967,0.0
1938,1968,0.0
1938,1969,0.0
1938,1970,0.0
1938,1971,0.0
1938,1972,0.0
1938,1973,0.0
1938,1974,0.0
1938,1975,0.0
1938,1976,0.0
1938,1977,0.0
1938,1978,0.0
1938,1979,0.0
1938,1980,0.0
1938,1981,0.0
1938,1982,0.0
1938,1983,0.0
1938,1984,0.0
1938,1985,0.0
1938,1986,0.0
1938,1987,0.0
1938,1988,0.0
1938,1989,0.0
1938,1990,0.0
1938,1991,0.0
1938,1992,0.0
1938,1993,0.0
1938,1994,0.0
1938,1995,0.0
1938,1996,0.0
1938,1997,0.0
1938,1998,0.0
1938,1999,0.0
1938,2000,0.0
1938,2001,0.0
1938,2002,0.0
1938,2003,0.0
1938,2004,0.0
1938,2005,0.0
1938,2006,0.0
1938,2007,0.0
1938,2008,0.0
1938,2009,0.0
1938,2009Pan,0.0
1938,2010,0.0
1938,2011,0.0
1938,2012,0.0
1938,2013,0.0
1938,2014,0.0
1938,2015,0.0
1938,2016,0.0
1938,2017,0.0
1938,2018,0.0
1939,1939,0.998800959232614
1939,1940,0.4917415612898626
1939,1941,0.130566504906913
1939,1942,0.047968598207188906
1939,1943,0.025732344459023563
1939,1944,0.0278234649122807
1939,1945,0.019478500385611754
1939,1946,0.011522032788658666
1939,1947,0.007474907704860973
1939,1948,0.01125003786057115
1939,1949,0.013904285521157224
1939,1950,0.014285714285714284
1939,1951,0.02138630600169062
1939,1952,0.004437869822485207
1939,1953,0.0
1939,1954,0.0
1939,1955,0.0
1939,1956,0.0
1939,1957,0.0
1939,1958,0.0
1939,1959,0.0
1939,1960,0.0
1939,1961,0.0
1939,1962,0.0
1939,1963,0.0
1939,1964,0.0
1939,1965,0.0
1939,1966,0.0
1939,1967,0.0
1939,1968,0.0
1939,1969,0.0
1939,1970,0.0
1939,1971,0.0
1939,1972,0.0
1939,1973,0.0
1939,1974,0.0
1939,1975,0.0
1939,1976,0.0
1939,1977,0.0
1939,1978,0.0
1939,1979,0.0
1939,1980,0.0
1939,1981,0.0
1939,1982,0.0
1939,1983,0.0
1939,1984,0.0
1939,1985,0.0
1939,1986,0.0
1939,1987,0.0
1939,1988,0.0
1939,1989,0.0
1939,1990,0.0
1939,1991,0.0
1939,1992,0.0
1939,1993,0.0
1939,1994,0.0
1939,1995,0.0
1939,1996,0.0
1939,1997,0.0
1939,1998,0.0
1939,1999,0.0
1939,2000,0.0
1939,2001,0.0
1939,2002,0.0
1939,2003,0.0
1939,2004,0.0
1939,2005,0.0
1939,2006,0.0
1939,2007,0.0
1939,2008,0.0
1939,2009,0.0
1939,2009Pan,0.0
1939,2010,0.0
1939,2011,0.0
1939,2012,0.0
1939,2013,0.0
1939,2014,0.0
1939,2015,0.0
1939,2016,0.0
1939,2017,0.0
1939,2018,0.0
1940,1940,0.998800959232614
1940,1941,0.4917415612898626
1940,1942,0.130566504906913
1940,1943,0.047968598207188906
1940,1944,0.025732344459023563
1940,1945,0.0278234649122807
1940,1946,0.019478500385611754
1940,1947,0.011522032788658666
1940,1948,0.007474907704860973
1940,1949,0.01125003786057115
1940,1950,0.013904285521157224
1940,1951,0.014285714285714284
1940,1952,0.02138630600169062
1940,1953,0.004437869822485207
1940,1954,0.0
1940,1955,0.0
1940,1956,0.0
1940,1957,0.0
1940,1958,0.0
1940,1959,0.0
1940,1960,0.0
1940,1961,0.0
1940,1962,0.0
1940,1963,0.0
1940,1964,0.0
1940,1965,0.0
1940,1966,0.0
1940,1967,0.0
1940,1968,0.0
1940,1969,0.0
1940,1970,0.0
1940,1971,0.0
1940,1972,0.0
1940,1973,0.0
1940,1974,0.0
1940,1975,0.0
1940,1976,0.0
1940,1977,0.0
1940,1978,0.0
1940,1979,0.0
1940,1980,0.0
1940,1981,0.0
1940,1982,0.0
1940,1983,0.0
1940,1984,0.0
1940,1985,0.0
1940,1986,0.0
1940,1987,0.0
1940,1988,0.0
1940,1989,0.0
1940,1990,0.0
1940,1991,0.0
1940,1992,0.0
1940,1993,0.0
1940,1994,0.0
1940,1995,0.0
1940,1996,0.0
1940,1997,0.0
1940,1998,0.0
1940,1999,0.0
1940,2000,0.0
1940,2001,0.0
1940,2002,0.0
1940,2003,0.0
1940,2004,0.0
1940,2005,0.0
1940,2006,0.0
1940,2007,0.0
1940,2008,0.0
1940,2009,0.0
1940,2009Pan,0.0
1940,2010,0.0
1940,2011,0.0
1940,2012,0.0
1940,2013,0.0
1940,2014,0.0
1940,2015,0.0
1940,2016,0.0
1940,2017,0.0
1940,2018,0.0
1941,1941,0.998800959232614
1941,1942,0.4917415612898626
1941,1943,0.130566504906913
1941,1944,0.047968598207188906
1941,1945,0.025732344459023563
1941,1946,0.0278234649122807
1941,1947,0.019478500385611754
1941,1948,0.011522032788658666
1941,1949,0.007474907704860973
1941,1950,0.01125003786057115
1941,1951,0.013904285521157224
1941,1952,0.014285714285714284
1941,1953,0.02138630600169062
1941,1954,0.004437869822485207
1941,1955,0.0
1941,1956,0.0
1941,1957,0.0
1941,1958,0.0
1941,1959,0.0
1941,1960,0.0
1941,1961,0.0
1941,1962,0.0
1941,1963,0.0
1941,1964,0.0
1941,1965,0.0
1941,1966,0.0
1941,1967,0.0
1941,1968,0.0
1941,1969,0.0
1941,1970,0.0
1941,1971,0.0
1941,1972,0.0
1941,1973,0.0
1941,1974,0.0
1941,1975,0.0
1941,1976,0.0
1941,1977,0.0
1941,1978,0.0
1941,1979,0.0
1941,1980,0.0
1941,1981,0.0
1941,1982,0.0
1941,1983,0.0
1941,1984,0.0
1941,1985,0.0
1941,1986,0.0
1941,1987,0.0
1941,1988,0.0
1941,1989,0.0
1941,1990,0.0
1941,1991,0.0
1941,1992,0.0
1941,1993,0.0
1941,1994,0.0
1941,1995,0.0
1941,1996,0.0
1941,1997,0.0
1941,1998,0.0
1941,1999,0.0
1941,2000,0.0
1941,2001,0.0
1941,2002,0.0
1941,2003,0.0
1941,2004,0.0
1941,2005,0.0
1941,2006,0.0
1941,2007,0.0
1941,2008,0.0
1941,2009,0.0
1941,2009Pan,0.0
1941,2010,0.0
1941,2011,0.0
1941,2012,0.0
1941,2013,0.0
1941,2014,0.0
1941,2015,0.0
1941,2016,0.0
1941,2017,0.0
1941,2018,0.0
1942,1942,0.998800959232614
1942,1943,0.4917415612898626
1942,1944,0.130566504906913
1942,1945,0.047968598207188906
1942,1946,0.025732344459023563
1942,1947,0.0278234649122807
1942,1948,0.019478500385611754
1942,1949,0.011522032788658666
1942,1950,0.007474907704860973
1942,1951,0.01125003786057115
1942,1952,0.013904285521157224
1942,1953,0.014285714285714284
1942,1954,0.02138630600169062
1942,1955,0.004437869822485207
1942,1956,0.0
1942,1957,0.0
1942,1958,0.0
1942,1959,0.0
1942,1960,0.0
1942,1961,0.0
1942,1962,0.0
1942,1963,0.0
1942,1964,0.0
1942,1965,0.0
1942,1966,0.0
1942,1967,0.0
1942,1968,0.0
1942,1969,0.0
1942,1970,0.0
1942,1971,0.0
1942,1972,0.0
1942,1973,0.0
1942,1974,0.0
1942,1975,0.0
1942,1976,0.0
1942,1977,0.0
1942,1978,0.0
1942,1979,0.0
1942,1980,0.0
1942,1981,0.0
1942,1982,0.0
1942,1983,0.0
1942,1984,0.0
1942,1985,0.0
1942,1986,0.0
1942,1987,0.0
1942,1988,0.0
1942,1989,0.0
1942,1990,0.0
1942,1991,0.0
1942,1992,0.0
1942,1993,0.0
1942,1994,0.0
1942,1995,0.0
1942,1996,0.0
1942,1997,0.0
1942,1998,0.0
1942,1999,0.0
1942,2000,0.0
1942,2001,0.0
1942,2002,0.0
1942,2003,0.0
1942,2004,0.0
1942,2005,0.0
1942,2006,0.0
1942,2007,0.0
1942,2008,0.0
1942,2009,0.0
1942,2009Pan,0.0
1942,2010,0.0
1942,2011,0.0
1942,2012,0.0
1942,2013,0.0
1942,2014,0.0
1942,2015,0.0
1942,2016,0.0
1942,2017,0.0
1942,2018,0.0
1943,1943,0.998800959232614
1943,1944,0.4917415612898626
1943,1945,0.130566504906913
1943,1946,0.047968598207188906
1943,1947,0.025732344459023563
1943,1948,0.0278234649122807
1943,1949,0.019478500385611754
1943,1950,0.011522032788658666
1943,1951,0.007474907704860973
1943,1952,0.01125003786057115
1943,1953,0.013904285521157224
1943,1954,0.014285714285714284
1943,1955,0.02138630600169062
1943,1956,0.004437869822485207
1943,1957,0.0
1943,1958,0.0
1943,1959,0.0
1943,1960,0.0
1943,1961,0.0
1943,1962,0.0
1943,1963,0.0
1943,1964,0.0
1943,1965,0.0
1943,1966,0.0
1943,1967,0.0
1943,1968,0.0
1943,1969,0.0
1943,1970,0.0
1943,1971,0.0
1943,1972,0.0
1943,1973,0.0
1943,1974,0.0
1943,1975,0.0
1943,1976,0.0
1943,1977,0.0
1943,1978,0.0
1943,1979,0.0
1943,1980,0.0
1943,1981,0.0
1943,1982,0.0
1943,1983,0.0
1943,1984,0.0
1943,1985,0.0
1943,1986,0.0
1943,1987,0.0
1943,1988,0.0
1943,1989,0.0
1943,1990,0.0
1943,1991,0.0
1943,1992,0.0
1943,1993,0.0
1943,1994,0.0
1943,1995,0.0
1943,1996,0.0
1943,1997,0.0
1943,1998,0.0
1943,1999,0.0
1943,2000,0.0
1943,2001,0.0
1943,2002,0.0
1943,2003,0.0
1943,2004,0.0
1943,2005,0.0
1943,2006,0.0
1943,2007,0.0
1943,2008,0.0
1943,2009,0.0
1943,2009Pan,0.0
1943,2010,0.0
1943,2011,0.0
1943,2012,0.0
1943,2013,0.0
1943,2014,0.0
1943,2015,0.0
1943,2016,0.0
1943,2017,0.0
1943,2018,0.0
1944,1944,0.998800959232614
1944,1945,0.4917415612898626
1944,1946,0.130566504906913
1944,1947,0.047968598207188906
1944,1948,0.025732344459023563
1944,1949,0.0278234649122807
1944,1950,0.019478500385611754
1944,1951,0.011522032788658666
1944,1952,0.007474907704860973
1944,1953,0.01125003786057115
1944,1954,0.013904285521157224
1944,1955,0.014285714285714284
1944,1956,0.02138630600169062
1944,1957,0.004437869822485207
1944,1958,0.0
1944,1959,0.0
1944,1960,0.0
1944,1961,0.0
1944,1962,0.0
1944,1963,0.0
1944,1964,0.0
1944,1965,0.0
1944,1966,0.0
1944,1967,0.0
1944,1968,0.0
1944,1969,0.0
1944,1970,0.0
1944,1971,0.0
1944,1972,0.0
1944,1973,0.0
1944,1974,0.0
1944,1975,0.0
1944,1976,0.0
1944,1977,0.0
1944,1978,0.0
1944,1979,0.0
1944,1980,0.0
1944,1981,0.0
1944,1982,0.0
1944,1983,0.0
1944,1984,0.0
1944,1985,0.0
1944,1986,0.0
1944,1987,0.0
1944,1988,0.0
1944,1989,0.0
1944,1990,0.0
1944,1991,0.0
1944,1992,0.0
1944,1993,0.0
1944,1994,0.0
1944,1995,0.0
1944,1996,0.0
1944,1997,0.0
1944,1998,0.0
1944,1999,0.0
1944,2000,0.0
1944,2001,0.0
1944,2002,0.0
1944,2003,0.0
1944,2004,0.0
1944,2005,0.0
1944,2006,0.0
1944,2007,0.0
1944,2008,0.0
1944,2009,0.0
1944,2009Pan,0.0
1944,2010,0.0
1944,2011,0.0
1944,2012,0.0
1944,2013,0.0
1944,2014,0.0
1944,2015,0.0
1944,2016,0.0
1944,2017,0.0
1944,2018,0.0
1945,1945,0.998800959232614
1945,1946,0.4917415612898626
1945,1947,0.130566504906913
1945,1948,0.047968598207188906
1945,1949,0.025732344459023563
1945,1950,0.0278234649122807
1945,1951,0.019478500385611754
1945,1952,0.011522032788658666
1945,1953,0.007474907704860973
1945,1954,0.01125003786057115
1945,1955,0.013904285521157224
1945,1956,0.014285714285714284
1945,1957,0.02138630600169062
1945,1958,0.004437869822485207
1945,1959,0.0
1945,1960,0.0
1945,1961,0.0
1945,1962,0.0
1945,1963,0.0
1945,1964,0.0
1945,1965,0.0
1945,1966,0.0
1945,1967,0.0
1945,1968,0.0
1945,1969,0.0
1945,1970,0.0
1945,1971,0.0
1945,1972,0.0
1945,1973,0.0
1945,1974,0.0
1945,1975,0.0
1945,1976,0.0
1945,1977,0.0
1945,1978,0.0
1945,1979,0.0
1945,1980,0.0
1945,1981,0.0
1945,1982,0.0
1945,1983,0.0
1945,1984,0.0
1945,1985,0.0
1945,1986,0.0
1945,1987,0.0
1945,1988,0.0
1945,1989,0.0
1945,1990,0.0
1945,1991,0.0
1945,1992,0.0
1945,1993,0.0
1945,1994,0.0
1945,1995,0.0
1945,1996,0.0
1945,1997,0.0
1945,1998,0.0
1945,1999,0.0
1945,2000,0.0
1945,2001,0.0
1945,2002,0.0
1945,2003,0.0
1945,2004,0.0
1945,2005,0.0
1945,2006,0.0
1945,2007,0.0
1945,2008,0.0
1945,2009,0.0
1945,2009Pan,0.0
1945,2010,0.0
1945,2011,0.0
1945,2012,0.0
1945,2013,0.0
1945,2014,0.0
1945,2015,0.0
1945,2016,0.0
1945,2017,0.0
1945,2018,0.0
1946,1946,0.998800959232614
1946,1947,0.4917415612898626
1946,1948,0.130566504906913
1946,1949,0.047968598207188906
1946,1950,0.025732344459023563
1946,1951,0.0278234649122807
1946,1952,0.019478500385611754
1946,1953,0.011522032788658666
1946,1954,0.007474907704860973
1946,1955,0.01125003786057115
1946,1956,0.013904285521157224
1946,1957,0.014285714285714284
1946,1958,0.02138630600169062
1946,1959,0.004437869822485207
1946,1960,0.0
1946,1961,0.0
1946,1962,0.0
1946,1963,0.0
1946,1964,0.0
1946,1965,0.0
1946,1966,0.0
1946,1967,0.0
1946,1968,0.0
1946,1969,0.0
1946,1970,0.0
1946,1971,0.0
1946,1972,0.0
1946,1973,0.0
1946,1974,0.0
1946,1975,0.0
1946,1976,0.0
1946,1977,0.0
1946,1978,0.0
1946,1979,0.0
1946,1980,0.0
1946,1981,0.0
1946,1982,0.0
1946,1983,0.0
1946,1984,0.0
1946,1985,0.0
1946,1986,0.0
1946,1987,0.0
1946,1988,0.0
1946,1989,0.0
1946,1990,0.0
1946,1991,0.0
1946,1992,0.0
1946,1993,0.0
1946,1994,0.0
1946,1995,0.0
1946,1996,0.0
1946,1997,0.0
1946,1998,0.0
1946,1999,0.0
1946,2000,0.0
1946,2001,0.0
1946,2002,0.0
1946,2003,0.0
1946,2004,0.0
1946,2005,0.0
1946,2006,0.0
1946,2007,0.0
1946,2008,0.0
1946,2009,0.0
1946,2009Pan,0.0
1946,2010,0.0
1946,2011,0.0
1946,2012,0.0
1946,2013,0.0
1946,2014,0.0
1946,2015,0.0
1946,2016,0.0
1946,2017,0.0
1946,2018,0.0
1947,1947,0.998800959232614
1947,1948,0.4917415612898626
1947,1949,0.130566504906913
1947,1950,0.047968598207188906
1947,1951,0.025732344459023563
1947,1952,0.0278234649122807
1947,1953,0.019478500385611754
1947,1954,0.011522032788658666
1947,1955,0.007474907704860973
1947,1956,0.01125003786057115
1947,1957,0.013904285521157224
1947,1958,0.014285714285714284
1947,1959,0.02138630600169062
1947,1960,0.004437869822485207
1947,1961,0.0
1947,1962,0.0
1947,1963,0.0
1947,1964,0.0
1947,1965,0.0
1947,1966,0.0
1947,1967,0.0
1947,1968,0.0
1947,1969,0.0
1947,1970,0.0
1947,1971,0.0
1947,1972,0.0
1947,1973,0.0
1947,1974,0.0
1947,1975,0.0
1947,1976,0.0
1947,1977,0.0
1947,1978,0.0
1947,1979,0.0
1947,1980,0.0
1947,1981,0.0
1947,1982,0.0
1947,1983,0.0
1947,1984,0.0
1947,1985,0.0
1947,1986,0.0
1947,1987,0.0
1947,1988,0.0
1947,1989,0.0
1947,1990,0.0
1947,1991,0.0
1947,1992,0.0
1947,1993,0.0
1947,1994,0.0
1947,1995,0.0
1947,1996,0.0
1947,1997,0.0
1947,1998,0.0
1947,1999,0.0
1947,2000,0.0
1947,2001,0.0
1947,2002,0.0
1947,2003,0.0
1947,2004,0.0
1947,2005,0.0
1947,2006,0.0
1947,2007,0.0
1947,2008,0.0
1947,2009,0.0
1947,2009Pan,0.0
1947,2010,0.0
1947,2011,0.0
1947,2012,0.0
1947,2013,0.0
1947,2014,0.0
1947,2015,0.0
1947,2016,0.0
1947,2017,0.0
1947,2018,0.0
1948,1948,0.998800959232614
1948,1949,0.4917415612898626
1948,1950,0.130566504906913
1948,1951,0.047968598207188906
1948,1952,0.025732344459023563
1948,1953,0.0278234649122807
1948,1954,0.019478500385611754
1948,1955,0.011522032788658666
1948,1956,0.007474907704860973
1948,1957,0.01125003786057115
1948,1958,0.013904285521157224
1948,1959,0.014285714285714284
1948,1960,0.02138630600169062
1948,1961,0.004437869822485207
1948,1962,0.0
1948,1963,0.0
1948,1964,0.0
1948,1965,0.0
1948,1966,0.0
1948,1967,0.0
1948,1968,0.0
1948,1969,0.0
1948,1970,0.0
1948,1971,0.0
1948,1972,0.0
1948,1973,0.0
1948,1974,0.0
1948,1975,0.0
1948,1976,0.0
1948,1977,0.0
1948,1978,0.0
1948,1979,0.0
1948,1980,0.0
1948,1981,0.0
1948,1982,0.0
1948,1983,0.0
1948,1984,0.0
1948,1985,0.0
1948,1986,0.0
1948,1987,0.0
1948,1988,0.0
1948,1989,0.0
1948,1990,0.0
1948,1991,0.0
1948,1992,0.0
1948,1993,0.0
1948,1994,0.0
1948,1995,0.0
1948,1996,0.0
1948,1997,0.0
1948,1998,0.0
1948,1999,0.0
1948,2000,0.0
1948,2001,0.0
1948,2002,0.0
1948,2003,0.0
1948,2004,0.0
1948,2005,0.0
1948,2006,0.0
1948,2007,0.0
1948,2008,0.0
1948,2009,0.0
1948,2009Pan,0.0
1948,2010,0.0
1948,2011,0.0
1948,2012,0.0
1948,2013,0.0
1948,2014,0.0
1948,2015,0.0
1948,2016,0.0
1948,2017,0.0
1948,2018,0.0
1949,1949,0.998800959232614
1949,1950,0.4917415612898626
1949,1951,0.130566504906913
1949,1952,0.047968598207188906
1949,1953,0.025732344459023563
1949,1954,0.0278234649122807
1949,1955,0.019478500385611754
1949,1956,0.011522032788658666
1949,1957,0.007474907704860973
1949,1958,0.01125003786057115
1949,1959,0.013904285521157224
1949,1960,0.014285714285714284
1949,1961,0.02138630600169062
1949,1962,0.004437869822485207
1949,1963,0.0
1949,1964,0.0
1949,1965,0.0
1949,1966,0.0
1949,1967,0.0
1949,1968,0.0
1949,1969,0.0
1949,1970,0.0
1949,1971,0.0
1949,1972,0.0
1949,1973,0.0
1949,1974,0.0
1949,1975,0.0
1949,1976,0.0
1949,1977,0.0
1949,1978,0.0
1949,1979,0.0
1949,1980,0.0
1949,1981,0.0
1949,1982,0.0
1949,1983,0.0
1949,1984,0.0
1949,1985,0.0
1949,1986,0.0
1949,1987,0.0
1949,1988,0.0
1949,1989,0.0
1949,1990,0.0
1949,1991,0.0
1949,1992,0.0
1949,1993,0.0
1949,1994,0.0
1949,1995,0.0
1949,1996,0.0
1949,1997,0.0
1949,1998,0.0
1949,1999,0.0
1949,2000,0.0
1949,2001,0.0
1949,2002,0.0
1949,2003,0.0
1949,2004,0.0
1949,2005,0.0
1949,2006,0.0
1949,2007,0.0
1949,2008,0.0
1949,2009,0.0
1949,2009Pan,0.0
1949,2010,0.0
1949,2011,0.0
1949,2012,0.0
1949,2013,0.0
1949,2014,0.0
1949,2015,0.0
1949,2016,0.0
1949,2017,0.0
1949,2018,0.0
1950,1950,0.998800959232614
1950,1951,0.4917415612898626
1950,1952,0.130566504906913
1950,1953,0.047968598207188906
1950,1954,0.025732344459023563
1950,1955,0.0278234649122807
1950,1956,0.019478500385611754
1950,1957,0.011522032788658666
1950,1958,0.007474907704860973
1950,1959,0.01125003786057115
1950,1960,0.013904285521157224
1950,1961,0.014285714285714284
1950,1962,0.02138630600169062
1950,1963,0.004437869822485207
1950,1964,0.0
1950,1965,0.0
1950,1966,0.0
1950,1967,0.0
1950,1968,0.0
1950,1969,0.0
1950,1970,0.0
1950,1971,0.0
1950,1972,0.0
1950,1973,0.0
1950,1974,0.0
1950,1975,0.0
1950,1976,0.0
1950,1977,0.0
1950,1978,0.0
1950,1979,0.0
1950,1980,0.0
1950,1981,0.0
1950,1982,0.0
1950,1983,0.0
1950,1984,0.0
1950,1985,0.0
1950,1986,0.0
1950,1987,0.0
1950,1988,0.0
1950,1989,0.0
1950,1990,0.0
1950,1991,0.0
1950,1992,0.0
1950,1993,0.0
1950,1994,0.0
1950,1995,0.0
1950,1996,0.0
1950,1997,0.0
1950,1998,0.0
1950,1999,0.0
1950,2000,0.0
1950,2001,0.0
1950,2002,0.0
1950,2003,0.0
1950,2004,0.0
1950,2005,0.0
1950,2006,0.0
1950,2007,0.0
1950,2008,0.0
1950,2009,0.0
1950,2009Pan,0.0
1950,2010,0.0
1950,2011,0.0
1950,2012,0.0
1950,2013,0.0
1950,2014,0.0
1950,2015,0.0
1950,2016,0.0
1950,2017,0.0
1950,2018,0.0
1951,1951,0.998800959232614
1951,1952,0.4917415612898626
1951,1953,0.130566504906913
1951,1954,0.047968598207188906
1951,1955,0.025732344459023563
1951,1956,0.0278234649122807
1951,1957,0.019478500385611754
1951,1958,0.011522032788658666
1951,1959,0.007474907704860973
1951,1960,0.01125003786057115
1951,1961,0.013904285521157224
1951,1962,0.014285714285714284
1951,1963,0.02138630600169062
1951,1964,0.004437869822485207
1951,1965,0.0
1951,1966,0.0
1951,1967,0.0
1951,1968,0.0
1951,1969,0.0
1951,1970,0.0
1951,1971,0.0
1951,1972,0.0
1951,1973,0.0
1951,1974,0.0
1951,1975,0.0
1951,1976,0.0
1951,1977,0.0
1951,1978,0.0
1951,1979,0.0
1951,1980,0.0
1951,1981,0.0
1951,1982,0.0
1951,1983,0.0
1951,1984,0.0
1951,1985,0.0
1951,1986,0.0
1951,1987,0.0
1951,1988,0.0
1951,1989,0.0
1951,1990,0.0
1951,1991,0.0
1951,1992,0.0
1951,1993,0.0
1951,1994,0.0
1951,1995,0.0
1951,1996,0.0
1951,1997,0.0
1951,1998,0.0
1951,1999,0.0
1951,2000,0.0
1951,2001,0.0
1951,2002,0.0
1951,2003,0.0
1951,2004,0.0
1951,2005,0.0
1951,2006,0.0
1951,2007,0.0
1951,2008,0.0
1951,2009,0.0
1951,2009Pan,0.0
1951,2010,0.0
1951,2011,0.0
1951,2012,0.0
1951,2013,0.0
1951,2014,0.0
1951,2015,0.0
1951,2016,0.0
1951,2017,0.0
1951,2018,0.0
1952,1952,0.998800959232614
1952,1953,0.4917415612898626
1952,1954,0.130566504906913
1952,1955,0.047968598207188906
1952,1956,0.025732344459023563
1952,1957,0.0278234649122807
1952,1958,0.019478500385611754
1952,1959,0.011522032788658666
1952,1960,0.007474907704860973
1952,1961,0.01125003786057115
1952,1962,0.013904285521157224
1952,1963,0.014285714285714284
1952,1964,0.02138630600169062
1952,1965,0.004437869822485207
1952,1966,0.0
1952,1967,0.0
1952,1968,0.0
1952,1969,0.0
1952,1970,0.0
1952,1971,0.0
1952,1972,0.0
1952,1973,0.0
1952,1974,0.0
1952,1975,0.0
1952,1976,0.0
1952,1977,0.0
1952,1978,0.0
1952,1979,0.0
1952,1980,0.0
1952,1981,0.0
1952,1982,0.0
1952,1983,0.0
1952,1984,0.0
1952,1985,0.0
1952,1986,0.0
1952,1987,0.0
1952,1988,0.0
1952,1989,0.0
1952,1990,0.0
1952,1991,0.0
1952,1992,0.0
1952,1993,0.0
1952,1994,0.0
1952,1995,0.0
1952,1996,0.0
1952,1997,0.0
1952,1998,0.0
1952,1999,0.0
1952,2000,0.0
1952,2001,0.0
1952,2002,0.0
1952,2003,0.0
1952,2004,0.0
1952,2005,0.0
1952,2006,0.0
1952,2007,0.0
1952,2008,0.0
1952,2009,0.0
1952,2009Pan,0.0
1952,2010,0.0
1952,2011,0.0
1952,2012,0.0
1952,2013,0.0
1952,2014,0.0
1952,2015,0.0
1952,2016,0.0
1952,2017,0.0
1952,2018,0.0
1953,1953,0.998800959232614
1953,1954,0.4917415612898626
1953,1955,0.130566504906913
1953,1956,0.047968598207188906
1953,1957,0.025732344459023563
1953,1958,0.0278234649122807
1953,1959,0.019478500385611754
1953,1960,0.011522032788658666
1953,1961,0.007474907704860973
1953,1962,0.01125003786057115
1953,1963,0.013904285521157224
1953,1964,0.014285714285714284
1953,1965,0.02138630600169062
1953,1966,0.004437869822485207
1953,1967,0.0
1953,1968,0.0
1953,1969,0.0
1953,1970,0.0
1953,1971,0.0
1953,1972,0.0
1953,1973,0.0
1953,1974,0.0
1953,1975,0.0
1953,1976,0.0
1953,1977,0.0
1953,1978,0.0
1953,1979,0.0
1953,1980,0.0
1953,1981,0.0
1953,1982,0.0
1953,1983,0.0
1953,1984,0.0
1953,1985,0.0
1953,1986,0.0
1953,1987,0.0
1953,1988,0.0
1953,1989,0.0
1953,1990,0.0
1953,1991,0.0
1953,1992,0.0
1953,1993,0.0
1953,1994,0.0
1953,1995,0.0
1953,1996,0.0
1953,1997,0.0
1953,1998,0.0
1953,1999,0.0
1953,2000,0.0
1953,2001,0.0
1953,2002,0.0
1953,2003,0.0
1953,2004,0.0
1953,2005,0.0
1953,2006,0.0
1953,2007,0.0
1953,2008,0.0
1953,2009,0.0
1953,2009Pan,0.0
1953,2010,0.0
1953,2011,0.0
1953,2012,0.0
1953,2013,0.0
1953,2014,0.0
1953,2015,0.0
1953,2016,0.0
1953,2017,0.0
1953,2018,0.0
1954,1954,0.998800959232614
1954,1955,0.4917415612898626
1954,1956,0.130566504906913
1954,1957,0.047968598207188906
1954,1958,0.025732344459023563
1954,1959,0.0278234649122807
1954,1960,0.019478500385611754
1954,1961,0.011522032788658666
1954,1962,0.007474907704860973
1954,1963,0.01125003786057115
1954,1964,0.013904285521157224
1954,1965,0.014285714285714284
1954,1966,0.02138630600169062
1954,1967,0.004437869822485207
1954,1968,0.0
1954,1969,0.0
1954,1970,0.0
1954,1971,0.0
1954,1972,0.0
1954,1973,0.0
1954,1974,0.0
1954,1975,0.0
1954,1976,0.0
1954,1977,0.0
1954,1978,0.0
1954,1979,0.0
1954,1980,0.0
1954,1981,0.0
1954,1982,0.0
1954,1983,0.0
1954,1984,0.0
1954,1985,0.0
1954,1986,0.0
1954,1987,0.0
1954,1988,0.0
1954,1989,0.0
1954,1990,0.0
1954,1991,0.0
1954,1992,0.0
1954,1993,0.0
1954,1994,0.0
1954,1995,0.0
1954,1996,0.0
1954,1997,0.0
1954,1998,0.0
1954,1999,0.0
1954,2000,0.0
1954,2001,0.0
1954,2002,0.0
1954,2003,0.0
1954,2004,0.0
1954,2005,0.0
1954,2006,0.0
1954,2007,0.0
1954,2008,0.0
1954,2009,0.0
1954,2009Pan,0.0
1954,2010,0.0
1954,2011,0.0
1954,2012,0.0
1954,2013,0.0
1954,2014,0.0
1954,2015,0.0
1954,2016,0.0
1954,2017,0.0
1954,2018,0.0
1955,1955,0.998800959232614
1955,1956,0.4917415612898626
1955,1957,0.130566504906913
1955,1958,0.047968598207188906
1955,1959,0.025732344459023563
1955,1960,0.0278234649122807
1955,1961,0.019478500385611754
1955,1962,0.011522032788658666
1955,1963,0.007474907704860973
1955,1964,0.01125003786057115
1955,1965,0.013904285521157224
1955,1966,0.014285714285714284
1955,1967,0.02138630600169062
1955,1968,0.004437869822485207
1955,1969,0.0
1955,1970,0.0
1955,1971,0.0
1955,1972,0.0
1955,1973,0.0
1955,1974,0.0
1955,1975,0.0
1955,1976,0.0
1955,1977,0.0
1955,1978,0.0
1955,1979,0.0
1955,1980,0.0
1955,1981,0.0
1955,1982,0.0
1955,1983,0.0
1955,1984,0.0
1955,1985,0.0
1955,1986,0.0
1955,1987,0.0
1955,1988,0.0
1955,1989,0.0
1955,1990,0.0
1955,1991,0.0
1955,1992,0.0
1955,1993,0.0
1955,1994,0.0
1955,1995,0.0
1955,1996,0.0
1955,1997,0.0
1955,1998,0.0
1955,1999,0.0
1955,2000,0.0
1955,2001,0.0
1955,2002,0.0
1955,2003,0.0
1955,2004,0.0
1955,2005,0.0
1955,2006,0.0
1955,2007,0.0
1955,2008,0.0
1955,2009,0.0
1955,2009Pan,0.0
1955,2010,0.0
1955,2011,0.0
1955,2012,0.0
1955,2013,0.0
1955,2014,0.0
1955,2015,0.0
1955,2016,0.0
1955,2017,0.0
1955,2018,0.0
1956,1956,0.998800959232614
1956,1957,0.4917415612898626
1956,1958,0.130566504906913
1956,1959,0.047968598207188906
1956,1960,0.025732344459023563
1956,1961,0.0278234649122807
1956,1962,0.019478500385611754
1956,1963,0.011522032788658666
1956,1964,0.007474907704860973
1956,1965,0.01125003786057115
1956,1966,0.013904285521157224
1956,1967,0.014285714285714284
1956,1968,0.02138630600169062
1956,1969,0.004437869822485207
1956,1970,0.0
1956,1971,0.0
1956,1972,0.0
1956,1973,0.0
1956,1974,0.0
1956,1975,0.0
1956,1976,0.0
1956,1977,0.0
1956,1978,0.0
1956,1979,0.0
1956,1980,0.0
1956,1981,0.0
1956,1982,0.0
1956,1983,0.0
1956,1984,0.0
1956,1985,0.0
1956,1986,0.0
1956,1987,0.0
1956,1988,0.0
1956,1989,0.0
1956,1990,0.0
1956,1991,0.0
1956,1992,0.0
1956,1993,0.0
1956,1994,0.0
1956,1995,0.0
1956,1996,0.0
1956,1997,0.0
1956,1998,0.0
1956,1999,0.0
1956,2000,0.0
1956,2001,0.0
1956,2002,0.0
1956,2003,0.0
1956,2004,0.0
1956,2005,0.0
1956,2006,0.0
1956,2007,0.0
1956,2008,0.0
1956,2009,0.0
1956,2009Pan,0.0
1956,2010,0.0
1956,2011,0.0
1956,2012,0.0
1956,2013,0.0
1956,2014,0.0
1956,2015,0.0
1956,2016,0.0
1956,2017,0.0
1956,2018,0.0
1957,1957,0.998800959232614
1957,1958,0.4917415612898626
1957,1959,0.130566504906913
1957,1960,0.047968598207188906
1957,1961,0.025732344459023563
1957,1962,0.0278234649122807
1957,1963,0.019478500385611754
1957,1964,0.011522032788658666
1957,1965,0.007474907704860973
1957,1966,0.01125003786057115
1957,1967,0.013904285521157224
1957,1968,0.014285714285714284
1957,1969,0.02138630600169062
1957,1970,0.004437869822485207
1957,1971,0.0
1957,1972,0.0
1957,1973,0.0
1957,1974,0.0
1957,1975,0.0
1957,1976,0.0
1957,1977,0.0
1957,1978,0.0
1957,1979,0.0
1957,1980,0.0
1957,1981,0.0
1957,1982,0.0
1957,1983,0.0
1957,1984,0.0
1957,1985,0.0
1957,1986,0.0
1957,1987,0.0
1957,1988,0.0
1957,1989,0.0
1957,1990,0.0
1957,1991,0.0
1957,1992,0.0
1957,1993,0.0
1957,1994,0.0
1957,1995,0.0
1957,1996,0.0
1957,1997,0.0
1957,1998,0.0
1957,1999,0.0
1957,2000,0.0
1957,2001,0.0
1957,2002,0.0
1957,2003,0.0
1957,2004,0.0
1957,2005,0.0
1957,2006,0.0
1957,2007,0.0
1957,2008,0.0
1957,2009,0.0
1957,2009Pan,0.0
1957,2010,0.0
1957,2011,0.0
1957,2012,0.0
1957,2013,0.0
1957,2014,0.0
1957,2015,0.0
1957,2016,0.0
1957,2017,0.0
1957,2018,0.0
1958,1958,0.998800959232614
1958,1959,0.4917415612898626
1958,1960,0.130566504906913
1958,1961,0.047968598207188906
1958,1962,0.025732344459023563
1958,1963,0.0278234649122807
1958,1964,0.019478500385611754
1958,1965,0.011522032788658666
1958,1966,0.007474907704860973
1958,1967,0.01125003786057115
1958,1968,0.013904285521157224
1958,1969,0.014285714285714284
1958,1970,0.02138630600169062
1958,1971,0.004437869822485207
1958,1972,0.0
1958,1973,0.0
1958,1974,0.0
1958,1975,0.0
1958,1976,0.0
1958,1977,0.0
1958,1978,0.0
1958,1979,0.0
1958,1980,0.0
1958,1981,0.0
1958,1982,0.0
1958,1983,0.0
1958,1984,0.0
1958,1985,0.0
1958,1986,0.0
1958,1987,0.0
1958,1988,0.0
1958,1989,0.0
1958,1990,0.0
1958,1991,0.0
1958,1992,0.0
1958,1993,0.0
1958,1994,0.0
1958,1995,0.0
1958,1996,0.0
1958,1997,0.0
1958,1998,0.0
1958,1999,0.0
1958,2000,0.0
1958,2001,0.0
1958,2002,0.0
1958,2003,0.0
1958,2004,0.0
1958,2005,0.0
1958,2006,0.0
1958,2007,0.0
1958,2008,0.0
1958,2009,0.0
1958,2009Pan,0.0
1958,2010,0.0
1958,2011,0.0
1958,2012,0.0
1958,2013,0.0
1958,2014,0.0
1958,2015,0.0
1958,2016,0.0
1958,2017,0.0
1958,2018,0.0
1959,1959,0.998800959232614
1959,1960,0.4917415612898626
1959,1961,0.130566504906913
1959,1962,0.047968598207188906
1959,1963,0.025732344459023563
1959,1964,0.0278234649122807
1959,1965,0.019478500385611754
1959,1966,0.011522032788658666
1959,1967,0.007474907704860973
1959,1968,0.01125003786057115
1959,1969,0.013904285521157224
1959,1970,0.014285714285714284
1959,1971,0.02138630600169062
1959,1972,0.004437869822485207
1959,1973,0.0
1959,1974,0.0
1959,1975,0.0
1959,1976,0.0
1959,1977,0.0
1959,1978,0.0
1959,1979,0.0
1959,1980,0.0
1959,1981,0.0
1959,1982,0.0
1959,1983,0.0
1959,1984,0.0
1959,1985,0.0
1959,1986,0.0
1959,1987,0.0
1959,1988,0.0
1959,1989,0.0
1959,1990,0.0
1959,1991,0.0
1959,1992,0.0
1959,1993,0.0
1959,1994,0.0
1959,1995,0.0
1959,1996,0.0
1959,1997,0.0
1959,1998,0.0
1959,1999,0.0
1959,2000,0.0
1959,2001,0.0
1959,2002,0.0
1959,2003,0.0
1959,2004,0.0
1959,2005,0.0
1959,2006,0.0
1959,2007,0.0
1959,2008,0.0
1959,2009,0.0
1959,2009Pan,0.0
1959,2010,0.0
1959,2011,0.0
1959,2012,0.0
1959,2013,0.0
1959,2014,0.0
1959,2015,0.0
1959,2016,0.0
1959,2017,0.0
1959,2018,0.0
1960,1960,0.998800959232614
1960,1961,0.4917415612898626
1960,1962,0.130566504906913
1960,1963,0.047968598207188906
1960,1964,0.025732344459023563
1960,1965,0.0278234649122807
1960,1966,0.019478500385611754
1960,1967,0.011522032788658666
1960,1968,0.007474907704860973
1960,1969,0.01125003786057115
1960,1970,0.013904285521157224
1960,1971,0.014285714285714284
1960,1972,0.02138630600169062
1960,1973,0.004437869822485207
1960,1974,0.0
1960,1975,0.0
1960,1976,0.0
1960,1977,0.0
1960,1978,0.0
1960,1979,0.0
1960,1980,0.0
1960,1981,0.0
1960,1982,0.0
1960,1983,0.0
1960,1984,0.0
1960,1985,0.0
1960,1986,0.0
1960,1987,0.0
1960,1988,0.0
1960,1989,0.0
1960,1990,0.0
1960,1991,0.0
1960,1992,0.0
1960,1993,0.0
1960,1994,0.0
1960,1995,0.0
1960,1996,0.0
1960,1997,0.0
1960,1998,0.0
1960,1999,0.0
1960,2000,0.0
1960,2001,0.0
1960,2002,0.0
1960,2003,0.0
1960,2004,0.0
1960,2005,0.0
1960,2006,0.0
1960,2007,0.0
1960,2008,0.0
1960,2009,0.0
1960,2009Pan,0.0
1960,2010,0.0
1960,2011,0.0
1960,2012,0.0
1960,2013,0.0
1960,2014,0.0
1960,2015,0.0
1960,2016,0.0
1960,2017,0.0
1960,2018,0.0
1961,1961,0.998800959232614
1961,1962,0.4917415612898626
1961,1963,0.130566504906913
1961,1964,0.047968598207188906
1961,1965,0.025732344459023563
1961,1966,0.0278234649122807
1961,1967,0.019478500385611754
1961,1968,0.011522032788658666
1961,1969,0.007474907704860973
1961,1970,0.01125003786057115
1961,1971,0.013904285521157224
1961,1972,0.014285714285714284
1961,1973,0.02138630600169062
1961,1974,0.004437869822485207
1961,1975,0.0
1961,1976,0.0
1961,1977,0.0
1961,1978,0.0
1961,1979,0.0
1961,1980,0.0
1961,1981,0.0
1961,1982,0.0
1961,1983,0.0
1961,1984,0.0
1961,1985,0.0
1961,1986,0.0
1961,1987,0.0
1961,1988,0.0
1961,1989,0.0
1961,1990,0.0
1961,1991,0.0
1961,1992,0.0
1961,1993,0.0
1961,1994,0.0
1961,1995,0.0
1961,1996,0.0
1961,1997,0.0
1961,1998,0.0
1961,1999,0.0
1961,2000,0.0
1961,2001,0.0
1961,2002,0.0
1961,2003,0.0
1961,2004,0.0
1961,2005,0.0
1961,2006,0.0
1961,2007,0.0
1961,2008,0.0
1961,2009,0.0
1961,2009Pan,0.0
1961,2010,0.0
1961,2011,0.0
1961,2012,0.0
1961,2013,0.0
1961,2014,0.0
1961,2015,0.0
1961,2016,0.0
1961,2017,0.0
1961,2018,0.0
1962,1962,0.998800959232614
1962,1963,0.4917415612898626
1962,1964,0.130566504906913
1962,1965,0.047968598207188906
1962,1966,0.025732344459023563
1962,1967,0.0278234649122807
1962,1968,0.019478500385611754
1962,1969,0.011522032788658666
1962,1970,0.007474907704860973
1962,1971,0.01125003786057115
1962,1972,0.013904285521157224
1962,1973,0.014285714285714284
1962,1974,0.02138630600169062
1962,1975,0.004437869822485207
1962,1976,0.0
1962,1977,0.0
1962,1978,0.0
1962,1979,0.0
1962,1980,0.0
1962,1981,0.0
1962,1982,0.0
1962,1983,0.0
1962,1984,0.0
1962,1985,0.0
1962,1986,0.0
1962,1987,0.0
1962,1988,0.0
1962,1989,0.0
1962,1990,0.0
1962,1991,0.0
1962,1992,0.0
1962,1993,0.0
1962,1994,0.0
1962,1995,0.0
1962,1996,0.0
1962,1997,0.0
1962,1998,0.0
1962,1999,0.0
1962,2000,0.0
1962,2001,0.0
1962,2002,0.0
1962,2003,0.0
1962,2004,0.0
1962,2005,0.0
1962,2006,0.0
1962,2007,0.0
1962,2008,0.0
1962,2009,0.0
1962,2009Pan,0.0
1962,2010,0.0
1962,2011,0.0
1962,2012,0.0
1962,2013,0.0
1962,2014,0.0
1962,2015,0.0
1962,2016,0.0
1962,2017,0.0
1962,2018,0.0
1963,1963,0.998800959232614
1963,1964,0.4917415612898626
1963,1965,0.130566504906913
1963,1966,0.047968598207188906
1963,1967,0.025732344459023563
1963,1968,0.0278234649122807
1963,1969,0.019478500385611754
1963,1970,0.011522032788658666
1963,1971,0.007474907704860973
1963,1972,0.01125003786057115
1963,1973,0.013904285521157224
1963,1974,0.014285714285714284
1963,1975,0.02138630600169062
1963,1976,0.004437869822485207
1963,1977,0.0
1963,1978,0.0
1963,1979,0.0
1963,1980,0.0
1963,1981,0.0
1963,1982,0.0
1963,1983,0.0
1963,1984,0.0
1963,1985,0.0
1963,1986,0.0
1963,1987,0.0
1963,1988,0.0
1963,1989,0.0
1963,1990,0.0
1963,1991,0.0
1963,1992,0.0
1963,1993,0.0
1963,1994,0.0
1963,1995,0.0
1963,1996,0.0
1963,1997,0.0
1963,1998,0.0
1963,1999,0.0
1963,2000,0.0
1963,2001,0.0
1963,2002,0.0
1963,2003,0.0
1963,2004,0.0
1963,2005,0.0
1963,2006,0.0
1963,2007,0.0
1963,2008,0.0
1963,2009,0.0
1963,2009Pan,0.0
1963,2010,0.0
1963,2011,0.0
1963,2012,0.0
1963,2013,0.0
1963,2014,0.0
1963,2015,0.0
1963,2016,0.0
1963,2017,0.0
1963,2018,0.0
1964,1964,0.998800959232614
1964,1965,0.4917415612898626
1964,1966,0.130566504906913
1964,1967,0.047968598207188906
1964,1968,0.025732344459023563
1964,1969,0.0278234649122807
1964,1970,0.019478500385611754
1964,1971,0.011522032788658666
1964,1972,0.007474907704860973
1964,1973,0.01125003786057115
1964,1974,0.013904285521157224
1964,1975,0.014285714285714284
1964,1976,0.02138630600169062
1964,1977,0.004437869822485207
1964,1978,0.0
1964,1979,0.0
1964,1980,0.0
1964,1981,0.0
1964,1982,0.0
1964,1983,0.0
1964,1984,0.0
1964,1985,0.0
1964,1986,0.0
1964,1987,0.0
1964,1988,0.0
1964,1989,0.0
1964,1990,0.0
1964,1991,0.0
1964,1992,0.0
1964,1993,0.0
1964,1994,0.0
1964,1995,0.0
1964,1996,0.0
1964,1997,0.0
1964,1998,0.0
1964,1999,0.0
1964,2000,0.0
1964,2001,0.0
1964,2002,0.0
1964,2003,0.0
1964,2004,0.0
1964,2005,0.0
1964,2006,0.0
1964,2007,0.0
1964,2008,0.0
1964,2009,0.0
1964,2009Pan,0.0
1964,2010,0.0
1964,2011,0.0
1964,2012,0.0
1964,2013,0.0
1964,2014,0.0
1964,2015,0.0
1964,2016,0.0
1964,2017,0.0
1964,2018,0.0
1965,1965,0.998800959232614
1965,1966,0.4917415612898626
1965,1967,0.130566504906913
1965,1968,0.047968598207188906
1965,1969,0.025732344459023563
1965,1970,0.0278234649122807
1965,1971,0.019478500385611754
1965,1972,0.011522032788658666
1965,1973,0.007474907704860973
1965,1974,0.01125003786057115
1965,1975,0.013904285521157224
1965,1976,0.014285714285714284
1965,1977,0.02138630600169062
1965,1978,0.004437869822485207
1965,1979,0.0
1965,1980,0.0
1965,1981,0.0
1965,1982,0.0
1965,1983,0.0
1965,1984,0.0
1965,1985,0.0
1965,1986,0.0
1965,1987,0.0
1965,1988,0.0
1965,1989,0.0
1965,1990,0.0
1965,1991,0.0
1965,1992,0.0
1965,1993,0.0
1965,1994,0.0
1965,1995,0.0
1965,1996,0.0
1965,1997,0.0
1965,1998,0.0
1965,1999,0.0
1965,2000,0.0
1965,2001,0.0
1965,2002,0.0
1965,2003,0.0
1965,2004,0.0
1965,2005,0.0
1965,2006,0.0
1965,2007,0.0
1965,2008,0.0
1965,2009,0.0
1965,2009Pan,0.0
1965,2010,0.0
1965,2011,0.0
1965,2012,0.0
1965,2013,0.0
1965,2014,0.0
1965,2015,0.0
1965,2016,0.0
1965,2017,0.0
1965,2018,0.0
1966,1966,0.998800959232614
1966,1967,0.4917415612898626
1966,1968,0.130566504906913
1966,1969,0.047968598207188906
1966,1970,0.025732344459023563
1966,1971,0.0278234649122807
1966,1972,0.019478500385611754
1966,1973,0.011522032788658666
1966,1974,0.007474907704860973
1966,1975,0.01125003786057115
1966,1976,0.013904285521157224
1966,1977,0.014285714285714284
1966,1978,0.02138630600169062
1966,1979,0.004437869822485207
1966,1980,0.0
1966,1981,0.0
1966,1982,0.0
1966,1983,0.0
1966,1984,0.0
1966,1985,0.0
1966,1986,0.0
1966,1987,0.0
1966,1988,0.0
1966,1989,0.0
1966,1990,0.0
1966,1991,0.0
1966,1992,0.0
1966,1993,0.0
1966,1994,0.0
1966,1995,0.0
1966,1996,0.0
1966,1997,0.0
1966,1998,0.0
1966,1999,0.0
1966,2000,0.0
1966,2001,0.0
1966,2002,0.0
1966,2003,0.0
1966,2004,0.0
1966,2005,0.0
1966,2006,0.0
1966,2007,0.0
1966,2008,0.0
1966,2009,0.0
1966,2009Pan,0.0
1966,2010,0.0
1966,2011,0.0
1966,2012,0.0
1966,2013,0.0
1966,2014,0.0
1966,2015,0.0
1966,2016,0.0
1966,2017,0.0
1966,2018,0.0
1967,1967,0.998800959232614
1967,1968,0.4917415612898626
1967,1969,0.130566504906913
1967,1970,0.047968598207188906
1967,1971,0.025732344459023563
1967,1972,0.0278234649122807
1967,1973,0.019478500385611754
1967,1974,0.011522032788658666
1967,1975,0.007474907704860973
1967,1976,0.01125003786057115
1967,1977,0.013904285521157224
1967,1978,0.014285714285714284
1967,1979,0.02138630600169062
1967,1980,0.004437869822485207
1967,1981,0.0
1967,1982,0.0
1967,1983,0.0
1967,1984,0.0
1967,1985,0.0
1967,1986,0.0
1967,1987,0.0
1967,1988,0.0
1967,1989,0.0
1967,1990,0.0
1967,1991,0.0
1967,1992,0.0
1967,1993,0.0
1967,1994,0.0
1967,1995,0.0
1967,1996,0.0
1967,1997,0.0
1967,1998,0.0
1967,1999,0.0
1967,2000,0.0
1967,2001,0.0
1967,2002,0.0
1967,2003,0.0
1967,2004,0.0
1967,2005,0.0
1967,2006,0.0
1967,2007,0.0
1967,2008,0.0
1967,2009,0.0
1967,2009Pan,0.0
1967,2010,0.0
1967,2011,0.0
1967,2012,0.0
1967,2013,0.0
1967,2014,0.0
1967,2015,0.0
1967,2016,0.0
1967,2017,0.0
1967,2018,0.0
1968,1968,0.998800959232614
1968,1969,0.4917415612898626
1968,1970,0.130566504906913
1968,1971,0.047968598207188906
1968,1972,0.025732344459023563
1968,1973,0.0278234649122807
1968,1974,0.019478500385611754
1968,1975,0.011522032788658666
1968,1976,0.007474907704860973
1968,1977,0.01125003786057115
1968,1978,0.013904285521157224
1968,1979,0.014285714285714284
1968,1980,0.02138630600169062
1968,1981,0.004437869822485207
1968,1982,0.0
1968,1983,0.0
1968,1984,0.0
1968,1985,0.0
1968,1986,0.0
1968,1987,0.0
1968,1988,0.0
1968,1989,0.0
1968,1990,0.0
1968,1991,0.0
1968,1992,0.0
1968,1993,0.0
1968,1994,0.0
1968,1995,0.0
1968,1996,0.0
1968,1997,0.0
1968,1998,0.0
1968,1999,0.0
1968,2000,0.0
1968,2001,0.0
1968,2002,0.0
1968,2003,0.0
1968,2004,0.0
1968,2005,0.0
1968,2006,0.0
1968,2007,0.0
1968,2008,0.0
1968,2009,0.0
1968,2009Pan,0.0
1968,2010,0.0
1968,2011,0.0
1968,2012,0.0
1968,2013,0.0
1968,2014,0.0
1968,2015,0.0
1968,2016,0.0
1968,2017,0.0
1968,2018,0.0
1969,1969,0.998800959232614
1969,1970,0.4917415612898626
1969,1971,0.130566504906913
1969,1972,0.047968598207188906
1969,1973,0.025732344459023563
1969,1974,0.0278234649122807
1969,1975,0.019478500385611754
1969,1976,0.011522032788658666
1969,1977,0.007474907704860973
1969,1978,0.01125003786057115
1969,1979,0.013904285521157224
1969,1980,0.014285714285714284
1969,1981,0.02138630600169062
1969,1982,0.004437869822485207
1969,1983,0.0
1969,1984,0.0
1969,1985,0.0
1969,1986,0.0
1969,1987,0.0
1969,1988,0.0
1969,1989,0.0
1969,1990,0.0
1969,1991,0.0
1969,1992,0.0
1969,1993,0.0
1969,1994,0.0
1969,1995,0.0
1969,1996,0.0
1969,1997,0.0
1969,1998,0.0
1969,1999,0.0
1969,2000,0.0
1969,2001,0.0
1969,2002,0.0
1969,2003,0.0
1969,2004,0.0
1969,2005,0.0
1969,2006,0.0
1969,2007,0.0
1969,2008,0.0
1969,2009,0.0
1969,2009Pan,0.0
1969,2010,0.0
1969,2011,0.0
1969,2012,0.0
1969,2013,0.0
1969,2014,0.0
1969,2015,0.0
1969,2016,0.0
1969,2017,0.0
1969,2018,0.0
1970,1970,0.998800959232614
1970,1971,0.4917415612898626
1970,1972,0.130566504906913
1970,1973,0.047968598207188906
1970,1974,0.025732344459023563
1970,1975,0.0278234649122807
1970,1976,0.019478500385611754
1970,1977,0.011522032788658666
1970,1978,0.007474907704860973
1970,1979,0.01125003786057115
1970,1980,0.013904285521157224
1970,1981,0.014285714285714284
1970,1982,0.02138630600169062
1970,1983,0.004437869822485207
1970,1984,0.0
1970,1985,0.0
1970,1986,0.0
1970,1987,0.0
1970,1988,0.0
1970,1989,0.0
1970,1990,0.0
1970,1991,0.0
1970,1992,0.0
1970,1993,0.0
1970,1994,0.0
1970,1995,0.0
1970,1996,0.0
1970,1997,0.0
1970,1998,0.0
1970,1999,0.0
1970,2000,0.0
1970,2001,0.0
1970,2002,0.0
1970,2003,0.0
1970,2004,0.0
1970,2005,0.0
1970,2006,0.0
1970,2007,0.0
1970,2008,0.0
1970,2009,0.0
1970,2009Pan,0.0
1970,2010,0.0
1970,2011,0.0
1970,2012,0.0
1970,2013,0.0
1970,2014,0.0
1970,2015,0.0
1970,2016,0.0
1970,2017,0.0
1970,2018,0.0
1971,1971,0.998800959232614
1971,1972,0.4917415612898626
1971,1973,0.130566504906913
1971,1974,0.047968598207188906
1971,1975,0.025732344459023563
1971,1976,0.0278234649122807
1971,1977,0.019478500385611754
1971,1978,0.011522032788658666
1971,1979,0.007474907704860973
1971,1980,0.01125003786057115
1971,1981,0.013904285521157224
1971,1982,0.014285714285714284
1971,1983,0.02138630600169062
1971,1984,0.004437869822485207
1971,1985,0.0
1971,1986,0.0
1971,1987,0.0
1971,1988,0.0
1971,1989,0.0
1971,1990,0.0
1971,1991,0.0
1971,1992,0.0
1971,1993,0.0
1971,1994,0.0
1971,1995,0.0
1971,1996,0.0
1971,1997,0.0
1971,1998,0.0
1971,1999,0.0
1971,2000,0.0
1971,2001,0.0
1971,2002,0.0
1971,2003,0.0
1971,2004,0.0
1971,2005,0.0
1971,2006,0.0
1971,2007,0.0
1971,2008,0.0
1971,2009,0.0
1971,2009Pan,0.0
1971,2010,0.0
1971,2011,0.0
1971,2012,0.0
1971,2013,0.0
1971,2014,0.0
1971,2015,0.0
1971,2016,0.0
1971,2017,0.0
1971,2018,0.0
1972,1972,0.998800959232614
1972,1973,0.4917415612898626
1972,1974,0.130566504906913
1972,1975,0.047968598207188906
1972,1976,0.025732344459023563
1972,1977,0.0278234649122807
1972,1978,0.019478500385611754
1972,1979,0.011522032788658666
1972,1980,0.007474907704860973
1972,1981,0.01125003786057115
1972,1982,0.013904285521157224
1972,1983,0.014285714285714284
1972,1984,0.02138630600169062
1972,1985,0.004437869822485207
1972,1986,0.0
1972,1987,0.0
1972,1988,0.0
1972,1989,0.0
1972,1990,0.0
1972,1991,0.0
1972,1992,0.0
1972,1993,0.0
1972,1994,0.0
1972,1995,0.0
1972,1996,0.0
1972,1997,0.0
1972,1998,0.0
1972,1999,0.0
1972,2000,0.0
1972,2001,0.0
1972,2002,0.0
1972,2003,0.0
1972,2004,0.0
1972,2005,0.0
1972,2006,0.0
1972,2007,0.0
1972,2008,0.0
1972,2009,0.0
1972,2009Pan,0.0
1972,2010,0.0
1972,2011,0.0
1972,2012,0.0
1972,2013,0.0
1972,2014,0.0
1972,2015,0.0
1972,2016,0.0
1972,2017,0.0
1972,2018,0.0
1973,1973,0.998800959232614
1973,1974,0.4917415612898626
1973,1975,0.130566504906913
1973,1976,0.047968598207188906
1973,1977,0.025732344459023563
1973,1978,0.0278234649122807
1973,1979,0.019478500385611754
1973,1980,0.011522032788658666
1973,1981,0.007474907704860973
1973,1982,0.01125003786057115
1973,1983,0.013904285521157224
1973,1984,0.014285714285714284
1973,1985,0.02138630600169062
1973,1986,0.004437869822485207
1973,1987,0.0
1973,1988,0.0
1973,1989,0.0
1973,1990,0.0
1973,1991,0.0
1973,1992,0.0
1973,1993,0.0
1973,1994,0.0
1973,1995,0.0
1973,1996,0.0
1973,1997,0.0
1973,1998,0.0
1973,1999,0.0
1973,2000,0.0
1973,2001,0.0
1973,2002,0.0
1973,2003,0.0
1973,2004,0.0
1973,2005,0.0
1973,2006,0.0
1973,2007,0.0
1973,2008,0.0
1973,2009,0.0
1973,2009Pan,0.0
1973,2010,0.0
1973,2011,0.0
1973,2012,0.0
1973,2013,0.0
1973,2014,0.0
1973,2015,0.0
1973,2016,0.0
1973,2017,0.0
1973,2018,0.0
1974,1974,0.998800959232614
1974,1975,0.4917415612898626
1974,1976,0.130566504906913
1974,1977,0.047968598207188906
1974,1978,0.025732344459023563
1974,1979,0.0278234649122807
1974,1980,0.019478500385611754
1974,1981,0.011522032788658666
1974,1982,0.007474907704860973
1974,1983,0.01125003786057115
1974,1984,0.013904285521157224
1974,1985,0.014285714285714284
1974,1986,0.02138630600169062
1974,1987,0.004437869822485207
1974,1988,0.0
1974,1989,0.0
1974,1990,0.0
1974,1991,0.0
1974,1992,0.0
1974,1993,0.0
1974,1994,0.0
1974,1995,0.0
1974,1996,0.0
1974,1997,0.0
1974,1998,0.0
1974,1999,0.0
1974,2000,0.0
1974,2001,0.0
1974,2002,0.0
1974,2003,0.0
1974,2004,0.0
1974,2005,0.0
1974,2006,0.0
1974,2007,0.0
1974,2008,0.0
1974,2009,0.0
1974,2009Pan,0.0
1974,2010,0.0
1974,2011,0.0
1974,2012,0.0
1974,2013,0.0
1974,2014,0.0
1974,2015,0.0
1974,2016,0.0
1974,2017,0.0
1974,2018,0.0
1975,1975,0.998800959232614
1975,1976,0.4917415612898626
1975,1977,0.130566504906913
1975,1978,0.047968598207188906
1975,1979,0.025732344459023563
1975,1980,0.0278234649122807
1975,1981,0.019478500385611754
1975,1982,0.011522032788658666
1975,1983,0.007474907704860973
1975,1984,0.01125003786057115
1975,1985,0.013904285521157224
1975,1986,0.014285714285714284
1975,1987,0.02138630600169062
1975,1988,0.004437869822485207
1975,1989,0.0
1975,1990,0.0
1975,1991,0.0
1975,1992,0.0
1975,1993,0.0
1975,1994,0.0
1975,1995,0.0
1975,1996,0.0
1975,1997,0.0
1975,1998,0.0
1975,1999,0.0
1975,2000,0.0
1975,2001,0.0
1975,2002,0.0
1975,2003,0.0
1975,2004,0.0
1975,2005,0.0
1975,2006,0.0
1975,2007,0.0
1975,2008,0.0
1975,2009,0.0
1975,2009Pan,0.0
1975,2010,0.0
1975,2011,0.0
1975,2012,0.0
1975,2013,0.0
1975,2014,0.0
1975,2015,0.0
1975,2016,0.0
1975,2017,0.0
1975,2018,0.0
1976,1976,0.998800959232614
1976,1977,0.4917415612898626
1976,1978,0.130566504906913
1976,1979,0.047968598207188906
1976,1980,0.025732344459023563
1976,1981,0.0278234649122807
1976,1982,0.019478500385611754
1976,1983,0.011522032788658666
1976,1984,0.007474907704860973
1976,1985,0.01125003786057115
1976,1986,0.013904285521157224
1976,1987,0.014285714285714284
1976,1988,0.02138630600169062
1976,1989,0.004437869822485207
1976,1990,0.0
1976,1991,0.0
1976,1992,0.0
1976,1993,0.0
1976,1994,0.0
1976,1995,0.0
1976,1996,0.0
1976,1997,0.0
1976,1998,0.0
1976,1999,0.0
1976,2000,0.0
1976,2001,0.0
1976,2002,0.0
1976,2003,0.0
1976,2004,0.0
1976,2005,0.0
1976,2006,0.0
1976,2007,0.0
1976,2008,0.0
1976,2009,0.0
1976,2009Pan,0.0
1976,2010,0.0
1976,2011,0.0
1976,2012,0.0
1976,2013,0.0
1976,2014,0.0
1976,2015,0.0
1976,2016,0.0
1976,2017,0.0
1976,2018,0.0
1977,1977,0.998800959232614
1977,1978,0.4917415612898626
1977,1979,0.130566504906913
1977,1980,0.047968598207188906
1977,1981,0.025732344459023563
1977,1982,0.0278234649122807
1977,1983,0.019478500385611754
1977,1984,0.011522032788658666
1977,1985,0.007474907704860973
1977,1986,0.01125003786057115
1977,1987,0.013904285521157224
1977,1988,0.014285714285714284
1977,1989,0.02138630600169062
1977,1990,0.004437869822485207
1977,1991,0.0
1977,1992,0.0
1977,1993,0.0
1977,1994,0.0
1977,1995,0.0
1977,1996,0.0
1977,1997,0.0
1977,1998,0.0
1977,1999,0.0
1977,2000,0.0
1977,2001,0.0
1977,2002,0.0
1977,2003,0.0
1977,2004,0.0
1977,2005,0.0
1977,2006,0.0
1977,2007,0.0
1977,2008,0.0
1977,2009,0.0
1977,2009Pan,0.0
1977,2010,0.0
1977,2011,0.0
1977,2012,0.0
1977,2013,0.0
1977,2014,0.0
1977,2015,0.0
1977,2016,0.0
1977,2017,0.0
1977,2018,0.0
1978,1978,0.998800959232614
1978,1979,0.4917415612898626
1978,1980,0.130566504906913
1978,1981,0.047968598207188906
1978,1982,0.025732344459023563
1978,1983,0.0278234649122807
1978,1984,0.019478500385611754
1978,1985,0.011522032788658666
1978,1986,0.007474907704860973
1978,1987,0.01125003786057115
1978,1988,0.013904285521157224
1978,1989,0.014285714285714284
1978,1990,0.02138630600169062
1978,1991,0.004437869822485207
1978,1992,0.0
1978,1993,0.0
1978,1994,0.0
1978,1995,0.0
1978,1996,0.0
1978,1997,0.0
1978,1998,0.0
1978,1999,0.0
1978,2000,0.0
1978,2001,0.0
1978,2002,0.0
1978,2003,0.0
1978,2004,0.0
1978,2005,0.0
1978,2006,0.0
1978,2007,0.0
1978,2008,0.0
1978,2009,0.0
1978,2009Pan,0.0
1978,2010,0.0
1978,2011,0.0
1978,2012,0.0
1978,2013,0.0
1978,2014,0.0
1978,2015,0.0
1978,2016,0.0
1978,2017,0.0
1978,2018,0.0
1979,1979,0.998800959232614
1979,1980,0.4917415612898626
1979,1981,0.130566504906913
1979,1982,0.047968598207188906
1979,1983,0.025732344459023563
1979,1984,0.0278234649122807
1979,1985,0.019478500385611754
1979,1986,0.011522032788658666
1979,1987,0.007474907704860973
1979,1988,0.01125003786057115
1979,1989,0.013904285521157224
1979,1990,0.014285714285714284
1979,1991,0.02138630600169062
1979,1992,0.004437869822485207
1979,1993,0.0
1979,1994,0.0
1979,1995,0.0
1979,1996,0.0
1979,1997,0.0
1979,1998,0.0
1979,1999,0.0
1979,2000,0.0
1979,2001,0.0
1979,2002,0.0
1979,2003,0.0
1979,2004,0.0
1979,2005,0.0
1979,2006,0.0
1979,2007,0.0
1979,2008,0.0
1979,2009,0.0
1979,2009Pan,0.0
1979,2010,0.0
1979,2011,0.0
1979,2012,0.0
1979,2013,0.0
1979,2014,0.0
1979,2015,0.0
1979,2016,0.0
1979,2017,0.0
1979,2018,0.0
1980,1980,0.998800959232614
1980,1981,0.4917415612898626
1980,1982,0.130566504906913
1980,1983,0.047968598207188906
1980,1984,0.025732344459023563
1980,1985,0.0278234649122807
1980,1986,0.019478500385611754
1980,1987,0.011522032788658666
1980,1988,0.007474907704860973
1980,1989,0.01125003786057115
1980,1990,0.013904285521157224
1980,1991,0.014285714285714284
1980,1992,0.02138630600169062
1980,1993,0.004437869822485207
1980,1994,0.0
1980,1995,0.0
1980,1996,0.0
1980,1997,0.0
1980,1998,0.0
1980,1999,0.0
1980,2000,0.0
1980,2001,0.0
1980,2002,0.0
1980,2003,0.0
1980,2004,0.0
1980,2005,0.0
1980,2006,0.0
1980,2007,0.0
1980,2008,0.0
1980,2009,0.0
1980,2009Pan,0.0
1980,2010,0.0
1980,2011,0.0
1980,2012,0.0
1980,2013,0.0
1980,2014,0.0
1980,2015,0.0
1980,2016,0.0
1980,2017,0.0
1980,2018,0.0
1981,1981,0.998800959232614
1981,1982,0.4917415612898626
1981,1983,0.130566504906913
1981,1984,0.047968598207188906
1981,1985,0.025732344459023563
1981,1986,0.0278234649122807
1981,1987,0.019478500385611754
1981,1988,0.011522032788658666
1981,1989,0.007474907704860973
1981,1990,0.01125003786057115
1981,1991,0.013904285521157224
1981,1992,0.014285714285714284
1981,1993,0.02138630600169062
1981,1994,0.004437869822485207
1981,1995,0.0
1981,1996,0.0
1981,1997,0.0
1981,1998,0.0
1981,1999,0.0
1981,2000,0.0
1981,2001,0.0
1981,2002,0.0
1981,2003,0.0
1981,2004,0.0
1981,2005,0.0
1981,2006,0.0
1981,2007,0.0
1981,2008,0.0
1981,2009,0.0
1981,2009Pan,0.0
1981,2010,0.0
1981,2011,0.0
1981,2012,0.0
1981,2013,0.0
1981,2014,0.0
1981,2015,0.0
1981,2016,0.0
1981,2017,0.0
1981,2018,0.0
1982,1982,0.998800959232614
1982,1983,0.4917415612898626
1982,1984,0.130566504906913
1982,1985,0.047968598207188906
1982,1986,0.025732344459023563
1982,1987,0.0278234649122807
1982,1988,0.019478500385611754
1982,1989,0.011522032788658666
1982,1990,0.007474907704860973
1982,1991,0.01125003786057115
1982,1992,0.013904285521157224
1982,1993,0.014285714285714284
1982,1994,0.02138630600169062
1982,1995,0.004437869822485207
1982,1996,0.0
1982,1997,0.0
1982,1998,0.0
1982,1999,0.0
1982,2000,0.0
1982,2001,0.0
1982,2002,0.0
1982,2003,0.0
1982,2004,0.0
1982,2005,0.0
1982,2006,0.0
1982,2007,0.0
1982,2008,0.0
1982,2009,0.0
1982,2009Pan,0.0
1982,2010,0.0
1982,2011,0.0
1982,2012,0.0
1982,2013,0.0
1982,2014,0.0
1982,2015,0.0
1982,2016,0.0
1982,2017,0.0
1982,2018,0.0
1983,1983,0.998800959232614
1983,1984,0.4917415612898626
1983,1985,0.130566504906913
1983,1986,0.047968598207188906
1983,1987,0.025732344459023563
1983,1988,0.0278234649122807
1983,1989,0.019478500385611754
1983,1990,0.011522032788658666
1983,1991,0.007474907704860973
1983,1992,0.01125003786057115
1983,1993,0.013904285521157224
1983,1994,0.014285714285714284
1983,1995,0.02138630600169062
1983,1996,0.004437869822485207
1983,1997,0.0
1983,1998,0.0
1983,1999,0.0
1983,2000,0.0
1983,2001,0.0
1983,2002,0.0
1983,2003,0.0
1983,2004,0.0
1983,2005,0.0
1983,2006,0.0
1983,2007,0.0
1983,2008,0.0
1983,2009,0.0
1983,2009Pan,0.0
1983,2010,0.0
1983,2011,0.0
1983,2012,0.0
1983,2013,0.0
1983,2014,0.0
1983,2015,0.0
1983,2016,0.0
1983,2017,0.0
1983,2018,0.0
1984,1984,0.998800959232614
1984,1985,0.4917415612898626
1984,1986,0.130566504906913
1984,1987,0.047968598207188906
1984,1988,0.025732344459023563
1984,1989,0.0278234649122807
1984,1990,0.019478500385611754
1984,1991,0.011522032788658666
1984,1992,0.007474907704860973
1984,1993,0.01125003786057115
1984,1994,0.013904285521157224
1984,1995,0.014285714285714284
1984,1996,0.02138630600169062
1984,1997,0.004437869822485207
1984,1998,0.0
1984,1999,0.0
1984,2000,0.0
1984,2001,0.0
1984,2002,0.0
1984,2003,0.0
1984,2004,0.0
1984,2005,0.0
1984,2006,0.0
1984,2007,0.0
1984,2008,0.0
1984,2009,0.0
1984,2009Pan,0.0
1984,2010,0.0
1984,2011,0.0
1984,2012,0.0
1984,2013,0.0
1984,2014,0.0
1984,2015,0.0
1984,2016,0.0
1984,2017,0.0
1984,2018,0.0
1985,1985,0.998800959232614
1985,1986,0.4917415612898626
1985,1987,0.130566504906913
1985,1988,0.047968598207188906
1985,1989,0.025732344459023563
1985,1990,0.0278234649122807
1985,1991,0.019478500385611754
1985,1992,0.011522032788658666
1985,1993,0.007474907704860973
1985,1994,0.01125003786057115
1985,1995,0.013904285521157224
1985,1996,0.014285714285714284
1985,1997,0.02138630600169062
1985,1998,0.004437869822485207
1985,1999,0.0
1985,2000,0.0
1985,2001,0.0
1985,2002,0.0
1985,2003,0.0
1985,2004,0.0
1985,2005,0.0
1985,2006,0.0
1985,2007,0.0
1985,2008,0.0
1985,2009,0.0
1985,2009Pan,0.0
1985,2010,0.0
1985,2011,0.0
1985,2012,0.0
1985,2013,0.0
1985,2014,0.0
1985,2015,0.0
1985,2016,0.0
1985,2017,0.0
1985,2018,0.0
1986,1986,0.998800959232614
1986,1987,0.4917415612898626
1986,1988,0.130566504906913
1986,1989,0.047968598207188906
1986,1990,0.025732344459023563
1986,1991,0.0278234649122807
1986,1992,0.019478500385611754
1986,1993,0.011522032788658666
1986,1994,0.007474907704860973
1986,1995,0.01125003786057115
1986,1996,0.013904285521157224
1986,1997,0.014285714285714284
1986,1998,0.02138630600169062
1986,1999,0.004437869822485207
1986,2000,0.0
1986,2001,0.0
1986,2002,0.0
1986,2003,0.0
1986,2004,0.0
1986,2005,0.0
1986,2006,0.0
1986,2007,0.0
1986,2008,0.0
1986,2009,0.0
1986,2009Pan,0.0
1986,2010,0.0
1986,2011,0.0
1986,2012,0.0
1986,2013,0.0
1986,2014,0.0
1986,2015,0.0
1986,2016,0.0
1986,2017,0.0
1986,2018,0.0
1987,1987,0.998800959232614
1987,1988,0.4917415612898626
1987,1989,0.130566504906913
1987,1990,0.047968598207188906
1987,1991,0.025732344459023563
1987,1992,0.0278234649122807
1987,1993,0.019478500385611754
1987,1994,0.011522032788658666
1987,1995,0.007474907704860973
1987,1996,0.01125003786057115
1987,1997,0.013904285521157224
1987,1998,0.014285714285714284
1987,1999,0.02138630600169062
1987,2000,0.004437869822485207
1987,2001,0.0
1987,2002,0.0
1987,2003,0.0
1987,2004,0.0
1987,2005,0.0
1987,2006,0.0
1987,2007,0.0
1987,2008,0.0
1987,2009,0.0
1987,2009Pan,0.0
1987,2010,0.0
1987,2011,0.0
1987,2012,0.0
1987,2013,0.0
1987,2014,0.0
1987,2015,0.0
1987,2016,0.0
1987,2017,0.0
1987,2018,0.0
1988,1988,0.998800959232614
1988,1989,0.4917415612898626
1988,1990,0.130566504906913
1988,1991,0.047968598207188906
1988,1992,0.025732344459023563
1988,1993,0.0278234649122807
1988,1994,0.019478500385611754
1988,1995,0.011522032788658666
1988,1996,0.007474907704860973
1988,1997,0.01125003786057115
1988,1998,0.013904285521157224
1988,1999,0.014285714285714284
1988,2000,0.02138630600169062
1988,2001,0.004437869822485207
1988,2002,0.0
1988,2003,0.0
1988,2004,0.0
1988,2005,0.0
1988,2006,0.0
1988,2007,0.0
1988,2008,0.0
1988,2009,0.0
1988,2009Pan,0.0
1988,2010,0.0
1988,2011,0.0
1988,2012,0.0
1988,2013,0.0
1988,2014,0.0
1988,2015,0.0
1988,2016,0.0
1988,2017,0.0
1988,2018,0.0
1989,1989,0.998800959232614
1989,1990,0.4917415612898626
1989,1991,0.130566504906913
1989,1992,0.047968598207188906
1989,1993,0.025732344459023563
1989,1994,0.0278234649122807
1989,1995,0.019478500385611754
1989,1996,0.011522032788658666
1989,1997,0.007474907704860973
1989,1998,0.01125003786057115
1989,1999,0.013904285521157224
1989,2000,0.014285714285714284
1989,2001,0.02138630600169062
1989,2002,0.004437869822485207
1989,2003,0.0
1989,2004,0.0
1989,2005,0.0
1989,2006,0.0
1989,2007,0.0
1989,2008,0.0
1989,2009,0.0
1989,2009Pan,0.0
1989,2010,0.0
1989,2011,0.0
1989,2012,0.0
1989,2013,0.0
1989,2014,0.0
1989,2015,0.0
1989,2016,0.0
1989,2017,0.0
1989,2018,0.0
1990,1990,0.998800959232614
1990,1991,0.4917415612898626
1990,1992,0.130566504906913
1990,1993,0.047968598207188906
1990,1994,0.025732344459023563
1990,1995,0.0278234649122807
1990,1996,0.019478500385611754
1990,1997,0.011522032788658666
1990,1998,0.007474907704860973
1990,1999,0.01125003786057115
1990,2000,0.013904285521157224
1990,2001,0.014285714285714284
1990,2002,0.02138630600169062
1990,2003,0.004437869822485207
1990,2004,0.0
1990,2005,0.0
1990,2006,0.0
1990,2007,0.0
1990,2008,0.0
1990,2009,0.0
1990,2009Pan,0.0
1990,2010,0.0
1990,2011,0.0
1990,2012,0.0
1990,2013,0.0
1990,2014,0.0
1990,2015,0.0
1990,2016,0.0
1990,2017,0.0
1990,2018,0.0
1991,1991,0.998800959232614
1991,1992,0.4917415612898626
1991,1993,0.130566504906913
1991,1994,0.047968598207188906
1991,1995,0.025732344459023563
1991,1996,0.0278234649122807
1991,1997,0.019478500385611754
1991,1998,0.011522032788658666
1991,1999,0.007474907704860973
1991,2000,0.01125003786057115
1991,2001,0.013904285521157224
1991,2002,0.014285714285714284
1991,2003,0.02138630600169062
1991,2004,0.004437869822485207
1991,2005,0.0
1991,2006,0.0
1991,2007,0.0
1991,2008,0.0
1991,2009,0.0
1991,2009Pan,0.0
1991,2010,0.0
1991,2011,0.0
1991,2012,0.0
1991,2013,0.0
1991,2014,0.0
1991,2015,0.0
1991,2016,0.0
1991,2017,0.0
1991,2018,0.0
1992,1992,0.998800959232614
1992,1993,0.4917415612898626
1992,1994,0.130566504906913
1992,1995,0.047968598207188906
1992,1996,0.025732344459023563
1992,1997,0.0278234649122807
1992,1998,0.019478500385611754
1992,1999,0.011522032788658666
1992,2000,0.007474907704860973
1992,2001,0.01125003786057115
1992,2002,0.013904285521157224
1992,2003,0.014285714285714284
1992,2004,0.02138630600169062
1992,2005,0.004437869822485207
1992,2006,0.0
1992,2007,0.0
1992,2008,0.0
1992,2009,0.0
1992,2009Pan,0.0
1992,2010,0.0
1992,2011,0.0
1992,2012,0.0
1992,2013,0.0
1992,2014,0.0
1992,2015,0.0
1992,2016,0.0
1992,2017,0.0
1992,2018,0.0
1993,1993,0.998800959232614
1993,1994,0.4917415612898626
1993,1995,0.130566504906913
1993,1996,0.047968598207188906
1993,1997,0.025732344459023563
1993,1998,0.0278234649122807
1993,1999,0.019478500385611754
1993,2000,0.011522032788658666
1993,2001,0.007474907704860973
1993,2002,0.01125003786057115
1993,2003,0.013904285521157224
1993,2004,0.014285714285714284
1993,2005,0.02138630600169062
1993,2006,0.004437869822485207
1993,2007,0.0
1993,2008,0.0
1993,2009,0.0
1993,2009Pan,0.0
1993,2010,0.0
1993,2011,0.0
1993,2012,0.0
1993,2013,0.0
1993,2014,0.0
1993,2015,0.0
1993,2016,0.0
1993,2017,0.0
1993,2018,0.0
1994,1994,0.998800959232614
1994,1995,0.4917415612898626
1994,1996,0.130566504906913
1994,1997,0.047968598207188906
1994,1998,0.025732344459023563
1994,1999,0.0278234649122807
1994,2000,0.019478500385611754
1994,2001,0.011522032788658666
1994,2002,0.007474907704860973
1994,2003,0.01125003786057115
1994,2004,0.013904285521157224
1994,2005,0.014285714285714284
1994,2006,0.02138630600169062
1994,2007,0.004437869822485207
1994,2008,0.003106508875739645
1994,2009,0.0
1994,2009Pan,0.0
1994,2010,0.0
1994,2011,0.0
1994,2012,0.0
1994,2013,0.0
1994,2014,0.0
1994,2015,0.0
1994,2016,0.0
1994,2017,0.0
1994,2018,0.0
1995,1995,0.998800959232614
1995,1996,0.4917415612898626
1995,1997,0.130566504906913
1995,1998,0.047968598207188906
1995,1999,0.025732344459023563
1995,2000,0.0278234649122807
1995,2001,0.019478500385611754
1995,2002,0.011522032788658666
1995,2003,0.007474907704860973
1995,2004,0.01125003786057115
1995,2005,0.013904285521157224
1995,2006,0.014285714285714284
1995,2007,0.02138630600169062
1995,2008,0.02189349112426036
1995,2009,0.003550295857988167
1995,2009Pan,0.0
1995,2010,0.0
1995,2011,0.0
1995,2012,0.0
1995,2013,0.0
1995,2014,0.0
1995,2015,0.0
1995,2016,0.0
1995,2017,0.0
1995,2018,0.0
1996,1996,0.998800959232614
1996,1997,0.4917415612898626
1996,1998,0.130566504906913
1996,1999,0.047968598207188906
1996,2000,0.025732344459023563
1996,2001,0.0278234649122807
1996,2002,0.019478500385611754
1996,2003,0.011522032788658666
1996,2004,0.007474907704860973
1996,2005,0.01125003786057115
1996,2006,0.013904285521157224
1996,2007,0.014285714285714284
1996,2008,0.014285714285714284
1996,2009,0.021724429416737114
1996,2009Pan,0.0022189349112426036
1996,2010,0.00576923076923077
1996,2011,0.0
1996,2012,0.0
1996,2013,0.0
1996,2014,0.0
1996,2015,0.0
1996,2016,0.0
1996,2017,0.0
1996,2018,0.0
1997,1997,0.998800959232614
1997,1998,0.4917415612898626
1997,1999,0.130566504906913
1997,2000,0.047968598207188906
1997,2001,0.025732344459023563
1997,2002,0.0278234649122807
1997,2003,0.019478500385611754
1997,2004,0.011522032788658666
1997,2005,0.007474907704860973
1997,2006,0.01125003786057115
1997,2007,0.013904285521157224
1997,2008,0.014018714150524343
1997,2009,0.014285714285714284
1997,2009Pan,0.02223161453930685
1997,2010,0.02087912087912088
1997,2011,0.004437869822485207
1997,2012,0.0
1997,2013,0.0
1997,2014,0.0
1997,2015,0.0
1997,2016,0.0
1997,2017,0.0
1997,2018,0.0
1998,1998,0.998800959232614
1998,1999,0.4917415612898626
1998,2000,0.130566504906913
1998,2001,0.047968598207188906
1998,2002,0.025732344459023563
1998,2003,0.0278234649122807
1998,2004,0.019478500385611754
1998,2005,0.011522032788658666
1998,2006,0.007474907704860973
1998,2007,0.01125003786057115
1998,2008,0.011565711915405077
1998,2009,0.013980571274068637
1998,2009Pan,0.014285714285714284
1998,2010,0.014285714285714284
1998,2011,0.02138630600169062
1998,2012,0.004437869822485207
1998,2013,0.0
1998,2014,0.0
1998,2015,0.0
1998,2016,0.0
1998,2017,0.0
1998,2018,0.0
1999,1999,0.998800959232614
1999,2000,0.4917415612898626
1999,2001,0.130566504906913
1999,2002,0.047968598207188906
1999,2003,0.025732344459023563
1999,2004,0.0278234649122807
1999,2005,0.019478500385611754
1999,2006,0.011522032788658666
1999,2007,0.007474907704860973
1999,2008,0.007281615721271533
1999,2009,0.011460487230460434
1999,2009Pan,0.014094999903435754
1999,2010,0.013789856891790107
1999,2011,0.014285714285714284
1999,2012,0.02138630600169062
1999,2013,0.004437869822485207
1999,2014,0.0
1999,2015,0.0
1999,2016,0.0
1999,2017,0.0
1999,2018,0.0
2000,2000,0.998800959232614
2000,2001,0.4917415612898626
2000,2002,0.130566504906913
2000,2003,0.047968598207188906
2000,2004,0.025732344459023563
2000,2005,0.0278234649122807
2000,2006,0.019478500385611754
2000,2007,0.011522032788658666
2000,2008,0.011119721594595
2000,2009,0.007346046382468012
2000,2009Pan,0.011776161285294361
2000,2010,0.010934363805737224
2000,2011,0.013904285521157224
2000,2012,0.014285714285714284
2000,2013,0.02138630600169062
2000,2014,0.003994082840236689
2000,2015,0.0
2000,2016,0.0
2000,2017,0.0
2000,2018,0.0
2001,2001,0.998800959232614
2001,2002,0.4917415612898626
2001,2003,0.130566504906913
2001,2004,0.047968598207188906
2001,2005,0.025732344459023563
2001,2006,0.0278234649122807
2001,2007,0.019478500385611754
2001,2008,0.018781267121593212
2001,2009,0.011253825325949558
2001,2009Pan,0.007152754398878573
2001,2010,0.007668199688450412
2001,2011,0.01125003786057115
2001,2012,0.013904285521157224
2001,2013,0.014285714285714284
2001,2014,0.021555367709213867
2001,2015,0.004437869822485207
2001,2016,0.0
2001,2017,0.0
2001,2018,0.0
2002,2002,0.998800959232614
2002,2003,0.4917415612898626
2002,2004,0.130566504906913
2002,2005,0.047968598207188906
2002,2006,0.025732344459023563
2002,2007,0.0278234649122807
2002,2008,0.028248355263157894
2002,2009,0.019013678209599393
2002,2009Pan,0.010851514131885894
2002,2010,0.01192434398272233
2002,2011,0.007474907704860973
2002,2012,0.01125003786057115
2002,2013,0.013904285521157224
2002,2014,0.014285714285714284
2002,2015,0.02138630600169062
2002,2016,0.004437869822485207
2002,2017,0.0
2002,2018,0.0
2003,2003,0.998800959232614
2003,2004,0.4917415612898626
2003,2005,0.130566504906913
2003,2006,0.047968598207188906
2003,2007,0.025732344459023563
2003,2008,0.024575141121316493
2003,2009,0.02810672514619883
2003,2009Pan,0.01831644494558085
2003,2010,0.020175733649630295
2003,2011,0.011522032788658666
2003,2012,0.007474907704860973
2003,2013,0.01125003786057115
2003,2014,0.01394242839761293
2003,2015,0.014285714285714284
2003,2016,0.02138630600169062
2003,2017,0.004437869822485207
2003,2018,0.0
2004,2004,0.998800959232614
2004,2005,0.4917415612898626
2004,2006,0.130566504906913
2004,2007,0.047968598207188906
2004,2008,0.046157976101109
2004,2009,0.024960875567218852
2004,2009Pan,0.028531615497076022
2004,2010,0.02739857456140351
2004,2011,0.019478500385611754
2004,2012,0.011522032788658666
2004,2013,0.007474907704860973
2004,2014,0.011355262545515792
2004,2015,0.013904285521157224
2004,2016,0.014285714285714284
2004,2017,0.02138630600169062
2004,2018,0.004437869822485207
2005,2005,0.998800959232614
2005,2006,0.4917415612898626
2005,2007,0.130566504906913
2005,2008,0.11339174574253139
2005,2009,0.04676151680313564
2005,2009Pan,0.023803672229511783
2005,2010,0.026889547796730633
2005,2011,0.0278234649122807
2005,2012,0.019478500385611754
2005,2013,0.011522032788658666
2005,2014,0.0074104770436644925
2005,2015,0.01125003786057115
2005,2016,0.013904285521157224
2005,2017,0.014285714285714284
2005,2018,0.02138630600169062
2006,2006,0.998800959232614
2006,2007,0.4917415612898626
2006,2008,0.45552303286538043
2006,2009,0.11911666546399192
2006,2009Pan,0.044950894697055724
2006,2010,0.04977922031326883
2006,2011,0.025732344459023563
2006,2012,0.0278234649122807
2006,2013,0.019478500385611754
2006,2014,0.011387929057304111
2006,2015,0.007474907704860973
2006,2016,0.01125003786057115
2006,2017,0.013904285521157224
2006,2018,0.014285714285714284
2007,2007,0.998800959232614
2007,2008,0.998800959232614
2007,2009,0.46759587567354116
2007,2009Pan,0.10194190629961034
2007,2010,0.14774126407129456
2007,2011,0.047968598207188906
2007,2012,0.025732344459023563
2007,2013,0.0278234649122807
2007,2014,0.019246089297605573
2007,2015,0.011522032788658666
2007,2016,0.007474907704860973
2007,2017,0.01125003786057115
2007,2018,0.013904285521157224
2008,2009,0.998800959232614
2008,2009Pan,0.43137734724905896
2008,2010,0.5279600897143449
2008,2011,0.130566504906913
2008,2012,0.047968598207188906
2008,2013,0.025732344459023563
2008,2014,0.027965095029239762
2008,2015,0.019478500385611754
2008,2016,0.011522032788658666
2008,2017,0.007474907704860973
2008,2018,0.01125003786057115
2009,2009Pan,0.998800959232614
2009,2010,0.998800959232614
2009,2011,0.4917415612898626
2009,2012,0.130566504906913
2009,2013,0.047968598207188906
2009,2014,0.025346610013121208
2009,2015,0.0278234649122807
2009,2016,0.019478500385611754
2009,2017,0.011522032788658666
2009,2018,0.007474907704860973
2010,2011,0.998800959232614
2010,2012,0.4917415612898626
2010,2013,0.130566504906913
2010,2014,0.047365057505162275
2010,2015,0.025732344459023563
2010,2016,0.0278234649122807
2010,2017,0.019478500385611754
2010,2018,0.011522032788658666
2011,2012,0.998800959232614
2011,2013,0.4917415612898626
2011,2014,0.12484158518545246
2011,2015,0.047968598207188906
2011,2016,0.025732344459023563
2011,2017,0.0278234649122807
2011,2018,0.019478500385611754
2012,2013,0.998800959232614
2012,2014,0.4796687184817019
2012,2015,0.130566504906913
2012,2016,0.047968598207188906
2012,2017,0.025732344459023563
2012,2018,0.0278234649122807
2013,2014,0.998800959232614
2013,2015,0.4917415612898626
2013,2016,0.130566504906913
2013,2017,0.047968598207188906
2013,2018,0.025732344459023563
2014,2015,0.998800959232614
2014,2016,0.4917415612898626
2014,2017,0.130566504906913
2014,2018,0.047968598207188906
2015,2016,0.998800959232614
2015,2017,0.4917415612898626
2015,2018,0.130566504906913
2016,2017,0.998800959232614
2016,2018,0.4917415612898626
2017,2018,0.998800959232614
